date,subsite,time,age,count,year
2010-03-01T00:00:00Z,BL,17:00:00,adult,91,2010
2010-03-06T00:00:00Z,BL,11:35:00,adult,71,2010
2010-03-06T00:00:00Z,DE,10:45:00,adult,250,2010
2010-03-08T00:00:00Z,BL,13:00:00,adult,68,2010
2010-03-08T00:00:00Z,DE,13:40:00,adult,105,2010
2010-03-09T00:00:00Z,DP,13:35:00,adult,153,2010
2010-03-09T00:00:00Z,DP,13:35:00,pup,1,2010
2010-03-19T00:00:00Z,DE,09:25:00,adult,163,2010
2010-03-19T00:00:00Z,DE,09:25:00,pup,1,2010
2010-03-20T00:00:00Z,BL,10:30:00,adult,46,2010
2010-03-20T00:00:00Z,DP,11:15:00,adult,97,2010
2010-03-20T00:00:00Z,DP,11:15:00,pup,3,2010
2010-03-22T00:00:00Z,BL,13:15:00,adult,126,2010
2010-03-23T00:00:00Z,DP,13:30:00,adult,161,2010
2010-03-23T00:00:00Z,DP,13:30:00,pup,4,2010
2010-03-24T00:00:00Z,DE,14:15:00,adult,310,2010
2010-03-24T00:00:00Z,DE,14:15:00,pup,5,2010
2010-03-27T00:00:00Z,DE,16:00:00,adult,225,2010
2010-03-27T00:00:00Z,DE,16:00:00,pup,2,2010
2010-03-28T00:00:00Z,DP,14:25:00,adult,107,2010
2010-03-28T00:00:00Z,DP,14:25:00,pup,5,2010
2010-04-01T00:00:00Z,DE,09:55:00,adult,332,2010
2010-04-01T00:00:00Z,DE,09:55:00,pup,9,2010
2010-04-02T00:00:00Z,BL,10:35:00,adult,34,2010
2010-04-02T00:00:00Z,BL,10:35:00,pup,5,2010
2010-04-03T00:00:00Z,DP,12:00:00,adult,227,2010
2010-04-03T00:00:00Z,DP,12:00:00,pup,12,2010
2010-04-05T00:00:00Z,DE,13:00:00,adult,353,2010
2010-04-05T00:00:00Z,DE,13:00:00,pup,20,2010
2010-04-08T00:00:00Z,BL,15:55:00,adult,201,2010
2010-04-08T00:00:00Z,BL,15:55:00,pup,14,2010
2010-04-08T00:00:00Z,DP,13:45:00,adult,270,2010
2010-04-08T00:00:00Z,DP,13:45:00,pup,56,2010
2010-04-10T00:00:00Z,DE,15:40:00,adult,289,2010
2010-04-10T00:00:00Z,DE,15:40:00,pup,22,2010
2010-04-10T00:00:00Z,DP,16:00:00,adult,264,2010
2010-04-10T00:00:00Z,DP,16:00:00,pup,54,2010
2010-04-15T00:00:00Z,BL,10:05:00,adult,189,2010
2010-04-15T00:00:00Z,BL,10:05:00,pup,85,2010
2010-04-15T00:00:00Z,DE,09:55:00,adult,472,2010
2010-04-15T00:00:00Z,DE,09:55:00,pup,63,2010
2010-04-17T00:00:00Z,DE,11:10:00,adult,462,2010
2010-04-17T00:00:00Z,DE,11:10:00,pup,74,2010
2010-04-17T00:00:00Z,DP,09:15:00,adult,194,2010
2010-04-17T00:00:00Z,DP,09:15:00,pup,88,2010
2010-04-19T00:00:00Z,DP,12:46:00,adult,329,2010
2010-04-19T00:00:00Z,DP,12:46:00,pup,136,2010
2010-04-21T00:00:00Z,DE,14:00:00,adult,389,2010
2010-04-21T00:00:00Z,DE,14:00:00,pup,129,2010
2010-04-22T00:00:00Z,BL,14:50:00,adult,324,2010
2010-04-22T00:00:00Z,BL,14:50:00,pup,109,2010
2010-04-24T00:00:00Z,BL,15:40:00,adult,291,2010
2010-04-24T00:00:00Z,BL,15:40:00,pup,117,2010
2010-04-24T00:00:00Z,DE,14:00:00,adult,457,2010
2010-04-24T00:00:00Z,DE,14:00:00,pup,194,2010
2010-04-24T00:00:00Z,DP,13:50:00,adult,380,2010
2010-04-24T00:00:00Z,DP,13:50:00,pup,194,2010
2010-04-25T00:00:00Z,DE,15:30:00,adult,481,2010
2010-04-25T00:00:00Z,DE,15:30:00,pup,223,2010
2010-04-29T00:00:00Z,DE,09:45:00,adult,478,2010
2010-04-29T00:00:00Z,DE,09:45:00,pup,163,2010
2010-04-30T00:00:00Z,BL,10:10:00,adult,211,2010
2010-04-30T00:00:00Z,BL,10:10:00,pup,96,2010
2010-04-30T00:00:00Z,DP,11:55:00,adult,309,2010
2010-04-30T00:00:00Z,DP,11:55:00,pup,230,2010
2010-05-01T00:00:00Z,DE,09:35:00,adult,477,2010
2010-05-01T00:00:00Z,DE,09:35:00,pup,199,2010
2010-05-02T00:00:00Z,BL,11:10:00,adult,239,2010
2010-05-02T00:00:00Z,BL,11:10:00,pup,98,2010
2010-05-03T00:00:00Z,DE,10:20:00,adult,469,2010
2010-05-03T00:00:00Z,DE,10:20:00,pup,188,2010
2010-05-04T00:00:00Z,BL,11:55:00,adult,226,2010
2010-05-04T00:00:00Z,BL,11:55:00,pup,113,2010
2010-05-04T00:00:00Z,DE,12:55:00,adult,610,2010
2010-05-04T00:00:00Z,DE,12:55:00,pup,222,2010
2010-05-06T00:00:00Z,BL,13:10:00,adult,218,2010
2010-05-06T00:00:00Z,BL,13:10:00,pup,150,2010
2010-05-06T00:00:00Z,DP,14:00:00,adult,373,2010
2010-05-06T00:00:00Z,DP,14:00:00,pup,197,2010
2010-05-08T00:00:00Z,DE,14:50:00,adult,447,2010
2010-05-08T00:00:00Z,DE,14:50:00,pup,144,2010
2010-05-09T00:00:00Z,BL,16:19:00,adult,256,2010
2010-05-09T00:00:00Z,BL,16:19:00,pup,122,2010
2010-05-12T00:00:00Z,DP,15:15:00,adult,368,2010
2010-05-12T00:00:00Z,DP,15:15:00,pup,140,2010
2010-05-13T00:00:00Z,DE,08:45:00,adult,412,2010
2010-05-13T00:00:00Z,DE,08:45:00,pup,122,2010
2010-05-15T00:00:00Z,BL,10:35:00,adult,161,2010
2010-05-15T00:00:00Z,BL,10:35:00,pup,69,2010
2010-05-18T00:00:00Z,DE,12:15:00,adult,330,2010
2010-05-18T00:00:00Z,DE,12:15:00,pup,114,2010
2010-05-19T00:00:00Z,DP,10:25:00,adult,199,2010
2010-05-19T00:00:00Z,DP,10:25:00,pup,56,2010
2010-05-20T00:00:00Z,DE,11:30:00,adult,373,2010
2010-05-20T00:00:00Z,DE,11:30:00,pup,133,2010
2010-05-22T00:00:00Z,BL,14:40:00,adult,155,2010
2010-05-22T00:00:00Z,BL,14:40:00,pup,31,2010
2010-05-22T00:00:00Z,DP,14:33:00,adult,280,2010
2010-05-22T00:00:00Z,DP,14:33:00,pup,69,2010
2010-05-23T00:00:00Z,DP,11:15:00,adult,317,2010
2010-05-23T00:00:00Z,DP,11:15:00,pup,37,2010
2010-05-28T00:00:00Z,BL,10:15:00,adult,86,2010
2010-05-28T00:00:00Z,BL,10:15:00,pup,33,2010
2010-05-28T00:00:00Z,DE,10:10:00,adult,310,2010
2010-05-28T00:00:00Z,DE,10:10:00,pup,60,2010
2010-05-29T00:00:00Z,DP,11:30:00,adult,247,2010
2010-05-29T00:00:00Z,DP,11:30:00,pup,31,2010
2010-05-31T00:00:00Z,BL,10:45:00,adult,74,2010
2010-05-31T00:00:00Z,BL,10:45:00,pup,44,2010
2011-03-03T00:00:00Z,BL,16:55:00,adult,120,2011
2011-03-10T00:00:00Z,DP,11:00:00,adult,4,2011
2011-03-11T00:00:00Z,BL,12:00:00,adult,202,2011
2011-03-12T00:00:00Z,DE,14:10:00,adult,196,2011
2011-03-14T00:00:00Z,BL,14:40:00,adult,150,2011
2011-03-16T00:00:00Z,DE,15:40:00,adult,252,2011
2011-03-16T00:00:00Z,DE,15:40:00,pup,1,2011
2011-03-16T00:00:00Z,DP,15:00:00,adult,191,2011
2011-03-18T00:00:00Z,BL,16:15:00,adult,87,2011
2011-03-22T00:00:00Z,DE,10:30:00,adult,252,2011
2011-03-25T00:00:00Z,BL,13:05:00,adult,136,2011
2011-03-26T00:00:00Z,DP,12:30:00,adult,176,2011
2011-03-28T00:00:00Z,BL,14:55:00,adult,193,2011
2011-03-28T00:00:00Z,BL,14:55:00,pup,1,2011
2011-03-28T00:00:00Z,DE,14:30:00,adult,260,2011
2011-03-28T00:00:00Z,DE,14:30:00,pup,5,2011
2011-03-31T00:00:00Z,BL,17:55:00,adult,175,2011
2011-03-31T00:00:00Z,BL,17:55:00,pup,2,2011
2011-03-31T00:00:00Z,DP,15:30:00,adult,247,2011
2011-03-31T00:00:00Z,DP,15:30:00,pup,13,2011
2011-04-02T00:00:00Z,DP,17:30:00,adult,273,2011
2011-04-02T00:00:00Z,DP,17:30:00,pup,14,2011
2011-04-06T00:00:00Z,DE,10:40:00,adult,192,2011
2011-04-06T00:00:00Z,DE,10:40:00,pup,17,2011
2011-04-07T00:00:00Z,BL,10:15:00,adult,98,2011
2011-04-07T00:00:00Z,BL,10:15:00,pup,19,2011
2011-04-09T00:00:00Z,DE,12:55:00,adult,314,2011
2011-04-09T00:00:00Z,DE,12:55:00,pup,27,2011
2011-04-09T00:00:00Z,DP,11:30:00,adult,261,2011
2011-04-09T00:00:00Z,DP,11:30:00,pup,56,2011
2011-04-10T00:00:00Z,BL,12:40:00,adult,121,2011
2011-04-10T00:00:00Z,BL,12:40:00,pup,30,2011
2011-04-10T00:00:00Z,DE,12:00:00,adult,295,2011
2011-04-10T00:00:00Z,DE,12:00:00,pup,55,2011
2011-04-10T00:00:00Z,DP,15:05:00,adult,273,2011
2011-04-10T00:00:00Z,DP,15:05:00,pup,85,2011
2011-04-11T00:00:00Z,BL,13:30:00,adult,166,2011
2011-04-11T00:00:00Z,BL,13:30:00,pup,51,2011
2011-04-13T00:00:00Z,DE,15:00:00,adult,361,2011
2011-04-13T00:00:00Z,DE,15:00:00,pup,86,2011
2011-04-19T00:00:00Z,BL,10:00:00,adult,227,2011
2011-04-19T00:00:00Z,BL,10:00:00,pup,92,2011
2011-04-21T00:00:00Z,DP,12:10:00,adult,443,2011
2011-04-21T00:00:00Z,DP,12:10:00,pup,288,2011
2011-04-22T00:00:00Z,BL,10:45:00,adult,245,2011
2011-04-22T00:00:00Z,BL,10:45:00,pup,119,2011
2011-04-23T00:00:00Z,DP,13:15:00,adult,406,2011
2011-04-23T00:00:00Z,DP,13:15:00,pup,231,2011
2011-04-24T00:00:00Z,DE,13:23:00,adult,563,2011
2011-04-24T00:00:00Z,DE,13:23:00,pup,310,2011
2011-04-26T00:00:00Z,BL,13:30:00,adult,296,2011
2011-04-26T00:00:00Z,BL,13:30:00,pup,99,2011
2011-04-26T00:00:00Z,DE,14:10:00,adult,583,2011
2011-04-26T00:00:00Z,DE,14:10:00,pup,270,2011
2011-04-28T00:00:00Z,DE,15:40:00,adult,715,2011
2011-04-28T00:00:00Z,DE,15:40:00,pup,364,2011
2011-04-28T00:00:00Z,DP,14:10:00,adult,587,2011
2011-04-28T00:00:00Z,DP,14:10:00,pup,406,2011
2011-04-29T00:00:00Z,BL,16:05:00,adult,379,2011
2011-04-29T00:00:00Z,BL,16:05:00,pup,130,2011
2011-05-03T00:00:00Z,DE,09:20:00,adult,504,2011
2011-05-03T00:00:00Z,DE,09:20:00,pup,301,2011
2011-05-05T00:00:00Z,BL,09:45:00,adult,219,2011
2011-05-05T00:00:00Z,BL,09:45:00,pup,112,2011
2011-05-05T00:00:00Z,DE,09:55:00,adult,595,2011
2011-05-05T00:00:00Z,DE,09:55:00,pup,335,2011
2011-05-05T00:00:00Z,DP,11:30:00,adult,282,2011
2011-05-05T00:00:00Z,DP,11:30:00,pup,252,2011
2011-05-06T00:00:00Z,BL,09:25:00,adult,248,2011
2011-05-06T00:00:00Z,BL,09:25:00,pup,192,2011
2011-05-09T00:00:00Z,DE,10:05:00,adult,569,2011
2011-05-09T00:00:00Z,DE,10:05:00,pup,323,2011
2011-05-11T00:00:00Z,BL,14:00:00,adult,284,2011
2011-05-11T00:00:00Z,BL,14:00:00,pup,146,2011
2011-05-11T00:00:00Z,DE,13:05:00,adult,553,2011
2011-05-11T00:00:00Z,DE,13:05:00,pup,278,2011
2011-05-13T00:00:00Z,BL,15:15:00,adult,298,2011
2011-05-13T00:00:00Z,BL,15:15:00,pup,138,2011
2011-05-14T00:00:00Z,DE,15:55:00,adult,365,2011
2011-05-14T00:00:00Z,DE,15:55:00,pup,174,2011
2011-05-14T00:00:00Z,DP,14:30:00,adult,552,2011
2011-05-14T00:00:00Z,DP,14:30:00,pup,194,2011
2011-05-16T00:00:00Z,BL,08:15:00,adult,222,2011
2011-05-16T00:00:00Z,BL,08:15:00,pup,81,2011
2011-05-19T00:00:00Z,BL,09:55:00,adult,167,2011
2011-05-19T00:00:00Z,BL,09:55:00,pup,94,2011
2011-05-20T00:00:00Z,DE,09:15:00,adult,459,2011
2011-05-20T00:00:00Z,DE,09:15:00,pup,219,2011
2011-05-20T00:00:00Z,DP,11:30:00,adult,415,2011
2011-05-20T00:00:00Z,DP,11:30:00,pup,98,2011
2011-05-21T00:00:00Z,DE,10:23:00,adult,309,2011
2011-05-21T00:00:00Z,DE,10:23:00,pup,177,2011
2011-05-22T00:00:00Z,DP,12:30:00,adult,325,2011
2011-05-22T00:00:00Z,DP,12:30:00,pup,55,2011
2011-05-23T00:00:00Z,DE,11:10:00,adult,291,2011
2011-05-23T00:00:00Z,DE,11:10:00,pup,134,2011
2011-05-23T00:00:00Z,DP,11:00:00,adult,315,2011
2011-05-23T00:00:00Z,DP,11:00:00,pup,98,2011
2011-05-26T00:00:00Z,DE,13:25:00,adult,212,2011
2011-05-26T00:00:00Z,DE,13:25:00,pup,78,2011
2011-05-27T00:00:00Z,BL,14:48:00,adult,140,2011
2011-05-27T00:00:00Z,BL,14:48:00,pup,61,2011
2011-05-27T00:00:00Z,DE,16:00:00,adult,352,2011
2011-05-27T00:00:00Z,DE,16:00:00,pup,75,2011
2012-03-02T00:00:00Z,BL,14:40:00,adult,93,2012
2012-03-02T00:00:00Z,DE,12:55:00,adult,233,2012
2012-03-05T00:00:00Z,DP,14:27:00,adult,171,2012
2012-03-05T00:00:00Z,DP,14:27:00,pup,1,2012
2012-03-07T00:00:00Z,BL,15:45:00,adult,112,2012
2012-03-08T00:00:00Z,DE,16:25:00,adult,146,2012
2012-03-14T00:00:00Z,BL,14:15:00,adult,11,2012
2012-03-17T00:00:00Z,BL,15:30:00,adult,137,2012
2012-03-19T00:00:00Z,DE,15:55:00,adult,212,2012
2012-03-19T00:00:00Z,DE,15:55:00,pup,1,2012
2012-03-20T00:00:00Z,DP,15:05:00,adult,219,2012
2012-03-26T00:00:00Z,DE,11:00:00,adult,246,2012
2012-03-26T00:00:00Z,DE,11:00:00,pup,4,2012
2012-03-29T00:00:00Z,BL,14:00:00,adult,149,2012
2012-03-29T00:00:00Z,BL,14:00:00,pup,2,2012
2012-03-30T00:00:00Z,BL,14:00:00,adult,149,2012
2012-03-30T00:00:00Z,BL,14:00:00,pup,6,2012
2012-04-01T00:00:00Z,DE,14:15:00,adult,273,2012
2012-04-01T00:00:00Z,DE,14:15:00,pup,4,2012
2012-04-02T00:00:00Z,BL,16:15:00,adult,246,2012
2012-04-02T00:00:00Z,BL,16:15:00,pup,5,2012
2012-04-03T00:00:00Z,DE,16:15:00,adult,342,2012
2012-04-03T00:00:00Z,DE,16:15:00,pup,17,2012
2012-04-04T00:00:00Z,BL,16:55:00,adult,175,2012
2012-04-04T00:00:00Z,BL,16:55:00,pup,14,2012
2012-04-09T00:00:00Z,DE,10:20:00,adult,292,2012
2012-04-09T00:00:00Z,DE,10:20:00,pup,35,2012
2012-04-09T00:00:00Z,DP,12:15:00,adult,264,2012
2012-04-09T00:00:00Z,DP,12:15:00,pup,62,2012
2012-04-12T00:00:00Z,BL,13:37:00,adult,290,2012
2012-04-12T00:00:00Z,BL,13:37:00,pup,63,2012
2012-04-12T00:00:00Z,DE,12:20:00,adult,515,2012
2012-04-12T00:00:00Z,DE,12:20:00,pup,110,2012
2012-04-14T00:00:00Z,BL,15:15:00,adult,307,2012
2012-04-14T00:00:00Z,BL,15:15:00,pup,136,2012
2012-04-14T00:00:00Z,DP,13:30:00,adult,438,2012
2012-04-14T00:00:00Z,DP,13:30:00,pup,161,2012
2012-04-15T00:00:00Z,DE,13:45:00,adult,484,2012
2012-04-15T00:00:00Z,DE,13:45:00,pup,144,2012
2012-04-16T00:00:00Z,BL,15:55:00,adult,333,2012
2012-04-16T00:00:00Z,BL,15:55:00,pup,135,2012
2012-04-16T00:00:00Z,DP,12:30:00,adult,500,2012
2012-04-16T00:00:00Z,DP,12:30:00,pup,221,2012
2012-04-18T00:00:00Z,BL,14:25:00,adult,305,2012
2012-04-18T00:00:00Z,BL,14:25:00,pup,150,2012
2012-04-21T00:00:00Z,DE,09:39:00,adult,477,2012
2012-04-21T00:00:00Z,DE,09:39:00,pup,285,2012
2012-04-24T00:00:00Z,DE,10:25:00,adult,624,2012
2012-04-24T00:00:00Z,DE,10:25:00,pup,289,2012
2012-04-25T00:00:00Z,BL,10:40:00,adult,309,2012
2012-04-25T00:00:00Z,BL,10:40:00,pup,230,2012
2012-04-27T00:00:00Z,BL,12:15:00,adult,312,2012
2012-04-27T00:00:00Z,BL,12:15:00,pup,189,2012
2012-04-28T00:00:00Z,DP,12:00:00,adult,544,2012
2012-04-28T00:00:00Z,DP,12:00:00,pup,250,2012
2012-04-29T00:00:00Z,DE,14:00:00,adult,635,2012
2012-04-29T00:00:00Z,DE,14:00:00,pup,314,2012
2012-04-30T00:00:00Z,BL,16:00:00,adult,294,2012
2012-04-30T00:00:00Z,BL,16:00:00,pup,191,2012
2012-05-01T00:00:00Z,DP,13:15:00,adult,466,2012
2012-05-01T00:00:00Z,DP,13:15:00,pup,273,2012
2012-05-02T00:00:00Z,DE,15:20:00,adult,702,2012
2012-05-02T00:00:00Z,DE,15:20:00,pup,384,2012
2012-05-02T00:00:00Z,DP,15:40:00,adult,579,2012
2012-05-02T00:00:00Z,DP,15:40:00,pup,294,2012
2012-05-05T00:00:00Z,DE,08:22:00,adult,443,2012
2012-05-05T00:00:00Z,DE,08:22:00,pup,284,2012
2012-05-07T00:00:00Z,BL,09:30:00,adult,290,2012
2012-05-07T00:00:00Z,BL,09:30:00,pup,243,2012
2012-05-07T00:00:00Z,DE,09:45:00,adult,543,2012
2012-05-07T00:00:00Z,DE,09:45:00,pup,288,2012
2012-05-09T00:00:00Z,DE,09:45:00,adult,512,2012
2012-05-09T00:00:00Z,DE,09:45:00,pup,324,2012
2012-05-10T00:00:00Z,DE,08:45:00,adult,532,2012
2012-05-10T00:00:00Z,DE,08:45:00,pup,344,2012
2012-05-10T00:00:00Z,DP,12:00:00,adult,271,2012
2012-05-10T00:00:00Z,DP,12:00:00,pup,190,2012
2012-05-11T00:00:00Z,BL,11:45:00,adult,306,2012
2012-05-11T00:00:00Z,BL,11:45:00,pup,183,2012
2012-05-16T00:00:00Z,BL,16:55:00,adult,277,2012
2012-05-16T00:00:00Z,BL,16:55:00,pup,116,2012
2012-05-16T00:00:00Z,DE,14:15:00,adult,625,2012
2012-05-16T00:00:00Z,DE,14:15:00,pup,272,2012
2012-05-17T00:00:00Z,DP,15:00:00,adult,509,2012
2012-05-17T00:00:00Z,DP,15:00:00,pup,99,2012
2012-05-18T00:00:00Z,BL,16:25:00,adult,183,2012
2012-05-18T00:00:00Z,BL,16:25:00,pup,66,2012
2012-05-19T00:00:00Z,DP,14:15:00,adult,440,2012
2012-05-19T00:00:00Z,DP,14:15:00,pup,115,2012
2012-05-20T00:00:00Z,DE,08:53:00,adult,478,2012
2012-05-20T00:00:00Z,DE,08:53:00,pup,177,2012
2012-05-23T00:00:00Z,BL,10:40:00,adult,186,2012
2012-05-23T00:00:00Z,BL,10:40:00,pup,82,2012
2012-05-23T00:00:00Z,DE,10:00:00,adult,342,2012
2012-05-23T00:00:00Z,DE,10:00:00,pup,203,2012
2012-05-24T00:00:00Z,DP,12:30:00,adult,319,2012
2012-05-24T00:00:00Z,DP,12:30:00,pup,79,2012
2012-05-25T00:00:00Z,DE,10:40:00,adult,417,2012
2012-05-25T00:00:00Z,DE,10:40:00,pup,166,2012
2012-05-26T00:00:00Z,BL,10:40:00,adult,166,2012
2012-05-26T00:00:00Z,BL,10:40:00,pup,36,2012
2012-05-29T00:00:00Z,BL,14:00:00,adult,149,2012
2012-05-29T00:00:00Z,BL,14:00:00,pup,20,2012
2012-05-30T00:00:00Z,BL,14:05:00,adult,132,2012
2012-05-30T00:00:00Z,BL,14:05:00,pup,54,2012
2012-05-31T00:00:00Z,DE,13:35:00,adult,223,2012
2012-05-31T00:00:00Z,DE,13:35:00,pup,73,2012
2012-05-31T00:00:00Z,DP,14:20:00,adult,239,2012
2012-05-31T00:00:00Z,DP,14:20:00,pup,119,2012
2013-03-05T00:00:00Z,DP,10:50:00,adult,32,2013
2013-03-06T00:00:00Z,BL,13:20:00,adult,95,2013
2013-03-08T00:00:00Z,BL,15:55:00,adult,118,2013
2013-03-09T00:00:00Z,DE,15:15:00,adult,130,2013
2013-03-10T00:00:00Z,DP,15:15:00,adult,149,2013
2013-03-15T00:00:00Z,DE,11:30:00,adult,195,2013
2013-03-16T00:00:00Z,BL,10:35:00,adult,106,2013
2013-03-16T00:00:00Z,DP,11:00:00,adult,149,2013
2013-03-18T00:00:00Z,DE,11:45:00,adult,247,2013
2013-03-18T00:00:00Z,DP,10:40:00,adult,135,2013
2013-03-18T00:00:00Z,DP,10:40:00,pup,1,2013
2013-03-21T00:00:00Z,BL,15:25:00,adult,180,2013
2013-03-21T00:00:00Z,DE,15:15:00,adult,189,2013
2013-03-23T00:00:00Z,DP,16:30:00,adult,220,2013
2013-03-23T00:00:00Z,DP,16:30:00,pup,4,2013
2013-03-24T00:00:00Z,DP,16:00:00,adult,270,2013
2013-03-24T00:00:00Z,DP,16:00:00,pup,5,2013
2013-03-25T00:00:00Z,DE,16:20:00,adult,205,2013
2013-03-25T00:00:00Z,DE,16:20:00,pup,2,2013
2013-03-27T00:00:00Z,BL,08:35:00,adult,60,2013
2013-03-28T00:00:00Z,DE,09:30:00,adult,149,2013
2013-03-28T00:00:00Z,DE,09:30:00,pup,2,2013
2013-03-29T00:00:00Z,DP,09:45:00,adult,96,2013
2013-03-29T00:00:00Z,DP,09:45:00,pup,2,2013
2013-03-31T00:00:00Z,BL,11:38:00,adult,115,2013
2013-03-31T00:00:00Z,BL,11:38:00,pup,2,2013
2013-04-01T00:00:00Z,DP,12:40:00,adult,256,2013
2013-04-01T00:00:00Z,DP,12:40:00,pup,33,2013
2013-04-03T00:00:00Z,BL,15:30:00,adult,268,2013
2013-04-03T00:00:00Z,BL,15:30:00,pup,17,2013
2013-04-05T00:00:00Z,DE,14:30:00,adult,436,2013
2013-04-05T00:00:00Z,DE,14:30:00,pup,34,2013
2013-04-07T00:00:00Z,DP,15:50:00,adult,406,2013
2013-04-07T00:00:00Z,DP,15:50:00,pup,109,2013
2013-04-09T00:00:00Z,BL,16:50:00,adult,297,2013
2013-04-09T00:00:00Z,BL,16:50:00,pup,72,2013
2013-04-11T00:00:00Z,DE,09:35:00,adult,464,2013
2013-04-11T00:00:00Z,DE,09:35:00,pup,113,2013
2013-04-13T00:00:00Z,BL,10:20:00,adult,178,2013
2013-04-13T00:00:00Z,BL,10:20:00,pup,67,2013
2013-04-13T00:00:00Z,DP,14:09:00,adult,465,2013
2013-04-13T00:00:00Z,DP,14:09:00,pup,134,2013
2013-04-17T00:00:00Z,BL,13:40:00,adult,276,2013
2013-04-17T00:00:00Z,BL,13:40:00,pup,159,2013
2013-04-17T00:00:00Z,DE,12:00:00,adult,691,2013
2013-04-17T00:00:00Z,DE,12:00:00,pup,268,2013
2013-04-19T00:00:00Z,BL,14:57:00,adult,337,2013
2013-04-19T00:00:00Z,BL,14:57:00,pup,160,2013
2013-04-19T00:00:00Z,DP,14:10:00,adult,498,2013
2013-04-19T00:00:00Z,DP,14:10:00,pup,296,2013
2013-04-21T00:00:00Z,BL,16:30:00,adult,320,2013
2013-04-21T00:00:00Z,BL,16:30:00,pup,82,2013
2013-04-22T00:00:00Z,BL,15:55:00,adult,365,2013
2013-04-22T00:00:00Z,BL,15:55:00,pup,182,2013
2013-04-22T00:00:00Z,DE,15:00:00,adult,633,2013
2013-04-22T00:00:00Z,DE,15:00:00,pup,292,2013
2013-04-25T00:00:00Z,DP,16:00:00,adult,569,2013
2013-04-25T00:00:00Z,DP,16:00:00,pup,431,2013
2013-04-26T00:00:00Z,DE,08:45:00,adult,617,2013
2013-04-26T00:00:00Z,DE,08:45:00,pup,311,2013
2013-04-27T00:00:00Z,BL,11:20:00,adult,216,2013
2013-04-27T00:00:00Z,BL,11:20:00,pup,53,2013
2013-04-28T00:00:00Z,DP,10:45:00,adult,220,2013
2013-04-28T00:00:00Z,DP,10:45:00,pup,124,2013
2013-04-29T00:00:00Z,BL,11:25:00,adult,327,2013
2013-04-29T00:00:00Z,BL,11:25:00,pup,232,2013
2013-05-02T00:00:00Z,DE,12:30:00,adult,560,2013
2013-05-02T00:00:00Z,DE,12:30:00,pup,333,2013
2013-05-02T00:00:00Z,DP,12:30:00,adult,328,2013
2013-05-02T00:00:00Z,DP,12:30:00,pup,193,2013
2013-05-03T00:00:00Z,BL,14:15:00,adult,320,2013
2013-05-03T00:00:00Z,BL,14:15:00,pup,214,2013
2013-05-06T00:00:00Z,BL,15:20:00,adult,357,2013
2013-05-06T00:00:00Z,BL,15:20:00,pup,211,2013
2013-05-06T00:00:00Z,DE,16:00:00,adult,549,2013
2013-05-06T00:00:00Z,DE,16:00:00,pup,315,2013
2013-05-07T00:00:00Z,DP,14:40:00,adult,343,2013
2013-05-07T00:00:00Z,DP,14:40:00,pup,211,2013
2013-05-10T00:00:00Z,DE,09:00:00,adult,605,2013
2013-05-10T00:00:00Z,DE,09:00:00,pup,246,2013
2013-05-14T00:00:00Z,BL,11:00:00,adult,232,2013
2013-05-14T00:00:00Z,BL,11:00:00,pup,175,2013
2013-05-14T00:00:00Z,DP,13:15:00,adult,422,2013
2013-05-14T00:00:00Z,DP,13:15:00,pup,212,2013
2013-05-15T00:00:00Z,DE,10:05:00,adult,536,2013
2013-05-15T00:00:00Z,DE,10:05:00,pup,217,2013
2013-05-17T00:00:00Z,DE,12:05:00,adult,470,2013
2013-05-17T00:00:00Z,DE,12:05:00,pup,270,2013
2013-05-19T00:00:00Z,BL,14:55:00,adult,214,2013
2013-05-19T00:00:00Z,BL,14:55:00,pup,101,2013
2013-05-20T00:00:00Z,DE,14:50:00,adult,428,2013
2013-05-20T00:00:00Z,DE,14:50:00,pup,206,2013
2013-05-20T00:00:00Z,DP,12:40:00,adult,378,2013
2013-05-20T00:00:00Z,DP,12:40:00,pup,117,2013
2013-05-21T00:00:00Z,DP,14:00:00,adult,442,2013
2013-05-21T00:00:00Z,DP,14:00:00,pup,206,2013
2013-05-22T00:00:00Z,BL,16:40:00,adult,210,2013
2013-05-22T00:00:00Z,BL,16:40:00,pup,91,2013
2013-05-28T00:00:00Z,BL,11:35:00,adult,92,2013
2013-05-28T00:00:00Z,BL,11:35:00,pup,52,2013
2013-05-30T00:00:00Z,DP,10:45:00,adult,431,2013
2013-05-30T00:00:00Z,DP,10:45:00,pup,55,2013
2013-05-31T00:00:00Z,DE,12:20:00,adult,352,2013
2013-05-31T00:00:00Z,DE,12:20:00,pup,59,2013
2013-05-31T00:00:00Z,DP,13:00:00,adult,458,2013
2013-05-31T00:00:00Z,DP,13:00:00,pup,45,2013
2014-03-06T00:00:00Z,BL,10:55:00,adult,268,2014
2014-03-07T00:00:00Z,DE,12:00:00,adult,549,2014
2014-03-08T00:00:00Z,DP,10:30:00,adult,385,2014
2014-03-11T00:00:00Z,DP,13:25:00,adult,98,2014
2014-03-12T00:00:00Z,BL,15:30:00,adult,182,2014
2014-03-12T00:00:00Z,DE,16:30:00,adult,466,2014
2014-03-14T00:00:00Z,BL,16:30:00,adult,204,2014
2014-03-14T00:00:00Z,DP,16:15:00,adult,403,2014
2014-03-14T00:00:00Z,DP,16:15:00,pup,2,2014
2014-03-20T00:00:00Z,BL,11:00:00,adult,168,2014
2014-03-20T00:00:00Z,DE,11:00:00,adult,380,2014
2014-03-22T00:00:00Z,BL,11:20:00,adult,163,2014
2014-03-22T00:00:00Z,DP,11:10:00,adult,295,2014
2014-03-22T00:00:00Z,DP,11:10:00,pup,2,2014
2014-03-24T00:00:00Z,BL,14:30:00,adult,237,2014
2014-03-24T00:00:00Z,DE,14:00:00,adult,359,2014
2014-03-24T00:00:00Z,DE,14:00:00,pup,1,2014
2014-03-24T00:00:00Z,DP,13:35:00,adult,186,2014
2014-03-24T00:00:00Z,DP,13:35:00,pup,7,2014
2014-03-25T00:00:00Z,BL,15:30:00,adult,175,2014
2014-03-26T00:00:00Z,DE,15:20:00,adult,345,2014
2014-03-26T00:00:00Z,DE,15:20:00,pup,1,2014
2014-03-28T00:00:00Z,DP,14:55:00,adult,476,2014
2014-03-28T00:00:00Z,DP,14:55:00,pup,12,2014
2014-04-03T00:00:00Z,DE,10:00:00,adult,619,2014
2014-04-03T00:00:00Z,DE,10:00:00,pup,22,2014
2014-04-04T00:00:00Z,BL,11:40:00,adult,365,2014
2014-04-04T00:00:00Z,BL,11:40:00,pup,27,2014
2014-04-04T00:00:00Z,DP,09:50:00,adult,416,2014
2014-04-04T00:00:00Z,DP,09:50:00,pup,70,2014
2014-04-05T00:00:00Z,DP,13:00:00,adult,526,2014
2014-04-05T00:00:00Z,DP,13:00:00,pup,78,2014
2014-04-06T00:00:00Z,DP,11:45:00,adult,369,2014
2014-04-06T00:00:00Z,DP,11:45:00,pup,94,2014
2014-04-07T00:00:00Z,BL,14:00:00,adult,356,2014
2014-04-07T00:00:00Z,BL,14:00:00,pup,77,2014
2014-04-08T00:00:00Z,DE,14:00:00,adult,642,2014
2014-04-08T00:00:00Z,DE,14:00:00,pup,89,2014
2014-04-10T00:00:00Z,BL,15:15:00,adult,337,2014
2014-04-10T00:00:00Z,BL,15:15:00,pup,82,2014
2014-04-10T00:00:00Z,DP,16:45:00,adult,527,2014
2014-04-10T00:00:00Z,DP,16:45:00,pup,213,2014
2014-04-13T00:00:00Z,DE,17:20:00,adult,667,2014
2014-04-13T00:00:00Z,DE,17:20:00,pup,137,2014
2014-04-17T00:00:00Z,BL,10:45:00,adult,338,2014
2014-04-17T00:00:00Z,BL,10:45:00,pup,128,2014
2014-04-17T00:00:00Z,DP,10:45:00,adult,355,2014
2014-04-17T00:00:00Z,DP,10:45:00,pup,257,2014
2014-04-18T00:00:00Z,DE,10:15:00,adult,735,2014
2014-04-18T00:00:00Z,DE,10:15:00,pup,226,2014
2014-04-21T00:00:00Z,DE,12:00:00,adult,764,2014
2014-04-21T00:00:00Z,DE,12:00:00,pup,233,2014
2014-04-21T00:00:00Z,DP,11:30:00,adult,456,2014
2014-04-21T00:00:00Z,DP,11:30:00,pup,180,2014
2014-04-24T00:00:00Z,DE,14:55:00,adult,720,2014
2014-04-24T00:00:00Z,DE,14:55:00,pup,344,2014
2014-04-24T00:00:00Z,DP,13:30:00,adult,567,2014
2014-04-24T00:00:00Z,DP,13:30:00,pup,368,2014
2014-04-27T00:00:00Z,BL,17:40:00,adult,342,2014
2014-04-27T00:00:00Z,BL,17:40:00,pup,178,2014
2014-04-28T00:00:00Z,DP,15:15:00,adult,709,2014
2014-04-28T00:00:00Z,DP,15:15:00,pup,330,2014
2014-04-29T00:00:00Z,DE,08:50:00,adult,678,2014
2014-04-29T00:00:00Z,DE,08:50:00,pup,302,2014
2014-05-01T00:00:00Z,BL,10:40:00,adult,310,2014
2014-05-01T00:00:00Z,BL,10:40:00,pup,206,2014
2014-05-01T00:00:00Z,DE,08:26:00,adult,701,2014
2014-05-01T00:00:00Z,DE,08:26:00,pup,277,2014
2014-05-01T00:00:00Z,DP,11:35:00,adult,302,2014
2014-05-01T00:00:00Z,DP,11:35:00,pup,273,2014
2014-05-04T00:00:00Z,BL,11:20:00,adult,402,2014
2014-05-04T00:00:00Z,BL,11:20:00,pup,196,2014
2014-05-06T00:00:00Z,BL,11:45:00,adult,369,2014
2014-05-06T00:00:00Z,BL,11:45:00,pup,218,2014
2014-05-07T00:00:00Z,DE,14:15:00,adult,745,2014
2014-05-07T00:00:00Z,DE,14:15:00,pup,335,2014
2014-05-09T00:00:00Z,BL,15:15:00,adult,352,2014
2014-05-09T00:00:00Z,BL,15:15:00,pup,176,2014
2014-05-09T00:00:00Z,DP,14:50:00,adult,634,2014
2014-05-09T00:00:00Z,DP,14:50:00,pup,347,2014
2014-05-15T00:00:00Z,DE,09:45:00,adult,450,2014
2014-05-15T00:00:00Z,DE,09:45:00,pup,259,2014
2014-05-15T00:00:00Z,DP,10:30:00,adult,219,2014
2014-05-15T00:00:00Z,DP,10:30:00,pup,159,2014
2014-05-17T00:00:00Z,BL,10:00:00,adult,202,2014
2014-05-17T00:00:00Z,BL,10:00:00,pup,117,2014
2014-05-20T00:00:00Z,BL,11:25:00,adult,236,2014
2014-05-20T00:00:00Z,BL,11:25:00,pup,101,2014
2014-05-20T00:00:00Z,DE,12:20:00,adult,560,2014
2014-05-20T00:00:00Z,DE,12:20:00,pup,148,2014
2014-05-22T00:00:00Z,BL,14:30:00,adult,266,2014
2014-05-22T00:00:00Z,BL,14:30:00,pup,67,2014
2014-05-22T00:00:00Z,DP,12:55:00,adult,334,2014
2014-05-22T00:00:00Z,DP,12:55:00,pup,176,2014
2014-05-23T00:00:00Z,DE,13:30:00,adult,429,2014
2014-05-23T00:00:00Z,DE,13:30:00,pup,209,2014
2014-05-29T00:00:00Z,DE,08:55:00,adult,541,2014
2014-05-29T00:00:00Z,DE,08:55:00,pup,108,2014
2014-05-29T00:00:00Z,DP,09:00:00,adult,223,2014
2014-05-29T00:00:00Z,DP,09:00:00,pup,67,2014
2014-05-30T00:00:00Z,BL,09:40:00,adult,192,2014
2014-05-30T00:00:00Z,BL,09:40:00,pup,43,2014
2014-05-31T00:00:00Z,DP,10:10:00,adult,343,2014
2014-05-31T00:00:00Z,DP,10:10:00,pup,56,2014
2015-03-04T00:00:00Z,BL,15:45:00,adult,221,2015
2015-03-05T00:00:00Z,DP,15:30:00,adult,132,2015
2015-03-10T00:00:00Z,BL,09:50:00,adult,162,2015
2015-03-13T00:00:00Z,BL,14:45:00,adult,183,2015
2015-03-13T00:00:00Z,DE,13:10:00,adult,283,2015
2015-03-13T00:00:00Z,DE,13:10:00,pup,1,2015
2015-03-14T00:00:00Z,DP,15:05:00,adult,226,2015
2015-03-16T00:00:00Z,BL,15:25:00,adult,174,2015
2015-03-16T00:00:00Z,DP,16:10:00,adult,177,2015
2015-03-18T00:00:00Z,DE,16:15:00,adult,279,2015
2015-03-18T00:00:00Z,DE,16:15:00,pup,1,2015
2015-03-19T00:00:00Z,DP,15:15:00,adult,154,2015
2015-03-19T00:00:00Z,DP,15:15:00,pup,1,2015
2015-03-24T00:00:00Z,BL,10:45:00,adult,150,2015
2015-03-24T00:00:00Z,DE,10:35:00,adult,314,2015
2015-03-24T00:00:00Z,DE,10:35:00,pup,2,2015
2015-03-27T00:00:00Z,BL,14:30:00,adult,195,2015
2015-03-27T00:00:00Z,DE,14:00:00,adult,274,2015
2015-03-27T00:00:00Z,DE,14:00:00,pup,5,2015
2015-03-29T00:00:00Z,BL,15:10:00,adult,162,2015
2015-03-29T00:00:00Z,DE,15:00:00,adult,241,2015
2015-03-29T00:00:00Z,DE,15:00:00,pup,15,2015
2015-03-31T00:00:00Z,DE,17:02:00,adult,278,2015
2015-03-31T00:00:00Z,DE,17:02:00,pup,15,2015
2015-04-07T00:00:00Z,BL,09:50:00,adult,165,2015
2015-04-07T00:00:00Z,BL,09:50:00,pup,35,2015
2015-04-08T00:00:00Z,DE,10:15:00,adult,436,2015
2015-04-08T00:00:00Z,DE,10:15:00,pup,95,2015
2015-04-10T00:00:00Z,BL,10:22:00,adult,287,2015
2015-04-10T00:00:00Z,BL,10:22:00,pup,98,2015
2015-04-10T00:00:00Z,DP,11:30:00,adult,264,2015
2015-04-10T00:00:00Z,DP,11:30:00,pup,95,2015
2015-04-11T00:00:00Z,DE,11:50:00,adult,443,2015
2015-04-11T00:00:00Z,DE,11:50:00,pup,158,2015
2015-04-12T00:00:00Z,BL,11:55:00,adult,247,2015
2015-04-12T00:00:00Z,BL,11:55:00,pup,119,2015
2015-04-12T00:00:00Z,DP,12:00:00,adult,279,2015
2015-04-12T00:00:00Z,DP,12:00:00,pup,111,2015
2015-04-15T00:00:00Z,DE,15:00:00,adult,487,2015
2015-04-15T00:00:00Z,DE,15:00:00,pup,223,2015
2015-04-16T00:00:00Z,BL,15:40:00,adult,330,2015
2015-04-16T00:00:00Z,BL,15:40:00,pup,145,2015
2015-04-18T00:00:00Z,DP,16:50:00,adult,392,2015
2015-04-18T00:00:00Z,DP,16:50:00,pup,187,2015
2015-04-21T00:00:00Z,DE,09:40:00,adult,593,2015
2015-04-21T00:00:00Z,DE,09:40:00,pup,254,2015
2015-04-23T00:00:00Z,BL,12:15:00,adult,308,2015
2015-04-23T00:00:00Z,BL,12:15:00,pup,159,2015
2015-04-25T00:00:00Z,BL,12:20:00,adult,222,2015
2015-04-25T00:00:00Z,BL,12:20:00,pup,116,2015
2015-04-25T00:00:00Z,DE,13:00:00,adult,839,2015
2015-04-25T00:00:00Z,DE,13:00:00,pup,337,2015
2015-04-26T00:00:00Z,DP,13:20:00,adult,418,2015
2015-04-26T00:00:00Z,DP,13:20:00,pup,179,2015
2015-04-28T00:00:00Z,DP,14:20:00,adult,442,2015
2015-04-28T00:00:00Z,DP,14:20:00,pup,267,2015
2015-04-29T00:00:00Z,DE,15:00:00,adult,549,2015
2015-04-29T00:00:00Z,DE,15:00:00,pup,338,2015
2015-05-01T00:00:00Z,BL,17:00:00,adult,223,2015
2015-05-01T00:00:00Z,BL,17:00:00,pup,104,2015
2015-05-01T00:00:00Z,DP,13:35:00,adult,400,2015
2015-05-01T00:00:00Z,DP,13:35:00,pup,268,2015
2015-05-05T00:00:00Z,BL,10:25:00,adult,233,2015
2015-05-05T00:00:00Z,BL,10:25:00,pup,125,2015
2015-05-06T00:00:00Z,DE,11:00:00,adult,353,2015
2015-05-06T00:00:00Z,DE,11:00:00,pup,218,2015
2015-05-07T00:00:00Z,BL,10:00:00,adult,223,2015
2015-05-07T00:00:00Z,BL,10:00:00,pup,116,2015
2015-05-08T00:00:00Z,DP,10:05:00,adult,194,2015
2015-05-08T00:00:00Z,DP,10:05:00,pup,102,2015
2015-05-09T00:00:00Z,DE,10:55:00,adult,344,2015
2015-05-09T00:00:00Z,DE,10:55:00,pup,200,2015
2015-05-11T00:00:00Z,BL,15:10:00,adult,215,2015
2015-05-11T00:00:00Z,BL,15:10:00,pup,85,2015
2015-05-11T00:00:00Z,DE,12:15:00,adult,345,2015
2015-05-11T00:00:00Z,DE,12:15:00,pup,109,2015
2015-05-12T00:00:00Z,DE,13:10:00,adult,348,2015
2015-05-12T00:00:00Z,DE,13:10:00,pup,111,2015
2015-05-13T00:00:00Z,DE,14:15:00,adult,392,2015
2015-05-13T00:00:00Z,DE,14:15:00,pup,141,2015
2015-05-15T00:00:00Z,DP,15:40:00,adult,69,2015
2015-05-15T00:00:00Z,DP,15:40:00,pup,30,2015
2015-05-19T00:00:00Z,DE,09:43:00,adult,149,2015
2015-05-19T00:00:00Z,DE,09:43:00,pup,57,2015
2015-05-21T00:00:00Z,DP,11:30:00,adult,173,2015
2015-05-21T00:00:00Z,DP,11:30:00,pup,36,2015
2015-05-22T00:00:00Z,BL,10:30:00,adult,176,2015
2015-05-22T00:00:00Z,BL,10:30:00,pup,55,2015
2015-05-22T00:00:00Z,DE,11:00:00,adult,343,2015
2015-05-22T00:00:00Z,DE,11:00:00,pup,72,2015
2015-05-24T00:00:00Z,DE,12:00:00,adult,355,2015
2015-05-24T00:00:00Z,DE,12:00:00,pup,29,2015
2015-05-26T00:00:00Z,DE,13:00:00,adult,126,2015
2015-05-26T00:00:00Z,DE,13:00:00,pup,32,2015
2015-05-27T00:00:00Z,BL,13:45:00,adult,227,2015
2015-05-27T00:00:00Z,BL,13:45:00,pup,26,2015
2015-05-30T00:00:00Z,DP,13:40:00,adult,445,2015
2015-05-30T00:00:00Z,DP,13:40:00,pup,53,2015
2016-03-02T00:00:00Z,BL,14:10:00,adult,197,2016
2016-03-04T00:00:00Z,BL,15:05:00,adult,132,2016
2016-03-06T00:00:00Z,BL,15:35:00,adult,220,2016
2016-03-06T00:00:00Z,DP,13:15:00,adult,73,2016
2016-03-06T00:00:00Z,DP,13:15:00,pup,1,2016
2016-03-14T00:00:00Z,DE,11:10:00,adult,425,2016
2016-03-16T00:00:00Z,BL,15:00:00,adult,223,2016
2016-03-16T00:00:00Z,BL,15:00:00,pup,1,2016
2016-03-17T00:00:00Z,DP,15:50:00,adult,200,2016
2016-03-17T00:00:00Z,DP,15:50:00,pup,4,2016
2016-03-19T00:00:00Z,BL,17:45:00,adult,155,2016
2016-03-19T00:00:00Z,DP,14:59:00,adult,102,2016
2016-03-19T00:00:00Z,DP,14:59:00,pup,1,2016
2016-03-22T00:00:00Z,DE,18:00:00,adult,223,2016
2016-03-22T00:00:00Z,DE,18:00:00,pup,1,2016
2016-03-24T00:00:00Z,DE,09:20:00,adult,202,2016
2016-03-24T00:00:00Z,DE,09:20:00,pup,3,2016
2016-03-26T00:00:00Z,BL,09:45:00,adult,70,2016
2016-03-26T00:00:00Z,BL,09:45:00,pup,2,2016
2016-03-27T00:00:00Z,DP,10:00:00,adult,45,2016
2016-03-27T00:00:00Z,DP,10:00:00,pup,2,2016
2016-03-29T00:00:00Z,BL,11:45:00,adult,154,2016
2016-03-29T00:00:00Z,BL,11:45:00,pup,6,2016
2016-04-01T00:00:00Z,DE,14:15:00,adult,242,2016
2016-04-01T00:00:00Z,DE,14:15:00,pup,12,2016
2016-04-02T00:00:00Z,DP,13:30:00,adult,136,2016
2016-04-02T00:00:00Z,DP,13:30:00,pup,18,2016
2016-04-04T00:00:00Z,BL,15:00:00,adult,171,2016
2016-04-04T00:00:00Z,BL,15:00:00,pup,18,2016
2016-04-04T00:00:00Z,DP,13:11:00,adult,147,2016
2016-04-04T00:00:00Z,DP,13:11:00,pup,18,2016
2016-04-06T00:00:00Z,BL,17:00:00,adult,174,2016
2016-04-06T00:00:00Z,BL,17:00:00,pup,32,2016
2016-04-07T00:00:00Z,DP,16:40:00,adult,223,2016
2016-04-07T00:00:00Z,DP,16:40:00,pup,62,2016
2016-04-08T00:00:00Z,DE,09:20:00,adult,243,2016
2016-04-08T00:00:00Z,DE,09:20:00,pup,57,2016
2016-04-11T00:00:00Z,DE,11:20:00,adult,336,2016
2016-04-11T00:00:00Z,DE,11:20:00,pup,70,2016
2016-04-12T00:00:00Z,DP,12:10:00,adult,307,2016
2016-04-12T00:00:00Z,DP,12:10:00,pup,134,2016
2016-04-14T00:00:00Z,DP,12:55:00,adult,277,2016
2016-04-14T00:00:00Z,DP,12:55:00,pup,148,2016
2016-04-16T00:00:00Z,BL,15:20:00,adult,299,2016
2016-04-16T00:00:00Z,BL,15:20:00,pup,127,2016
2016-04-16T00:00:00Z,DE,14:30:00,adult,473,2016
2016-04-16T00:00:00Z,DE,14:30:00,pup,168,2016
2016-04-17T00:00:00Z,DE,15:20:00,adult,469,2016
2016-04-17T00:00:00Z,DE,15:20:00,pup,195,2016
2016-04-18T00:00:00Z,DE,16:48:00,adult,412,2016
2016-04-18T00:00:00Z,DE,16:48:00,pup,199,2016
2016-04-18T00:00:00Z,DP,15:50:00,adult,335,2016
2016-04-18T00:00:00Z,DP,15:50:00,pup,162,2016
2016-04-23T00:00:00Z,BL,09:40:00,adult,234,2016
2016-04-23T00:00:00Z,BL,09:40:00,pup,116,2016
2016-04-25T00:00:00Z,BL,09:30:00,adult,247,2016
2016-04-25T00:00:00Z,BL,09:30:00,pup,88,2016
2016-04-25T00:00:00Z,DP,12:00:00,adult,325,2016
2016-04-25T00:00:00Z,DP,12:00:00,pup,247,2016
2016-04-27T00:00:00Z,DE,09:45:00,adult,410,2016
2016-04-27T00:00:00Z,DE,09:45:00,pup,207,2016
2016-04-28T00:00:00Z,BL,11:45:00,adult,256,2016
2016-04-28T00:00:00Z,BL,11:45:00,pup,166,2016
2016-04-29T00:00:00Z,BL,14:05:00,adult,307,2016
2016-04-29T00:00:00Z,BL,14:05:00,pup,123,2016
2016-04-29T00:00:00Z,DE,11:20:00,adult,464,2016
2016-04-29T00:00:00Z,DE,11:20:00,pup,296,2016
2016-04-30T00:00:00Z,DP,12:30:00,adult,275,2016
2016-04-30T00:00:00Z,DP,12:30:00,pup,135,2016
2016-05-03T00:00:00Z,BL,15:45:00,adult,304,2016
2016-05-03T00:00:00Z,BL,15:45:00,pup,114,2016
2016-05-03T00:00:00Z,DE,15:30:00,adult,420,2016
2016-05-03T00:00:00Z,DE,15:30:00,pup,221,2016
2016-05-03T00:00:00Z,DP,15:35:00,adult,268,2016
2016-05-03T00:00:00Z,DP,15:35:00,pup,180,2016
2016-05-04T00:00:00Z,BL,16:50:00,adult,213,2016
2016-05-04T00:00:00Z,BL,16:50:00,pup,150,2016
2016-05-05T00:00:00Z,DP,14:00:00,adult,303,2016
2016-05-05T00:00:00Z,DP,14:00:00,pup,208,2016
2016-05-09T00:00:00Z,BL,09:50:00,adult,228,2016
2016-05-09T00:00:00Z,BL,09:50:00,pup,93,2016
2016-05-09T00:00:00Z,DE,10:00:00,adult,455,2016
2016-05-09T00:00:00Z,DE,10:00:00,pup,180,2016
2016-05-11T00:00:00Z,DP,11:10:00,adult,209,2016
2016-05-11T00:00:00Z,DP,11:10:00,pup,118,2016
2016-05-12T00:00:00Z,DE,11:15:00,adult,451,2016
2016-05-12T00:00:00Z,DE,11:15:00,pup,167,2016
2016-05-13T00:00:00Z,BL,13:08:00,adult,270,2016
2016-05-13T00:00:00Z,BL,13:08:00,pup,121,2016
2016-05-15T00:00:00Z,DP,14:00:00,adult,378,2016
2016-05-15T00:00:00Z,DP,14:00:00,pup,66,2016
2016-05-16T00:00:00Z,DE,15:00:00,adult,445,2016
2016-05-16T00:00:00Z,DE,15:00:00,pup,132,2016
2016-05-18T00:00:00Z,BL,16:55:00,adult,173,2016
2016-05-18T00:00:00Z,BL,16:55:00,pup,121,2016
2016-05-18T00:00:00Z,DP,16:15:00,adult,317,2016
2016-05-18T00:00:00Z,DP,16:15:00,pup,88,2016
2016-05-21T00:00:00Z,DP,08:45:00,adult,69,2016
2016-05-21T00:00:00Z,DP,08:45:00,pup,39,2016
2016-05-22T00:00:00Z,BL,09:35:00,adult,152,2016
2016-05-22T00:00:00Z,BL,09:35:00,pup,35,2016
2016-05-25T00:00:00Z,BL,09:28:00,adult,158,2016
2016-05-25T00:00:00Z,BL,09:28:00,pup,28,2016
2016-05-25T00:00:00Z,DE,11:30:00,adult,276,2016
2016-05-25T00:00:00Z,DE,11:30:00,pup,33,2016
2016-05-25T00:00:00Z,DP,10:00:00,adult,228,2016
2016-05-25T00:00:00Z,DP,10:00:00,pup,35,2016
2016-05-26T00:00:00Z,DP,10:15:00,adult,250,2016
2016-05-26T00:00:00Z,DP,10:15:00,pup,16,2016
2016-05-27T00:00:00Z,BL,11:55:00,adult,176,2016
2016-05-27T00:00:00Z,BL,11:55:00,pup,35,2016
2016-05-27T00:00:00Z,DE,11:15:00,adult,292,2016
2016-05-27T00:00:00Z,DE,11:15:00,pup,62,2016
2016-05-30T00:00:00Z,DP,13:05:00,adult,296,2016
2016-05-30T00:00:00Z,DP,13:05:00,pup,148,2016
2016-05-31T00:00:00Z,DE,15:15:00,adult,299,2016
2016-05-31T00:00:00Z,DE,15:15:00,pup,54,2016
2017-03-03T00:00:00Z,BL,10:05:00,adult,182,2017
2017-03-03T00:00:00Z,DE,10:55:00,adult,162,2017
2017-03-08T00:00:00Z,BL,16:30:00,adult,108,2017
2017-03-10T00:00:00Z,DE,16:00:00,adult,204,2017
2017-03-17T00:00:00Z,BL,10:45:00,adult,161,2017
2017-03-17T00:00:00Z,BL,10:45:00,pup,1,2017
2017-03-17T00:00:00Z,DE,11:45:00,adult,259,2017
2017-03-22T00:00:00Z,BL,15:00:00,adult,323,2017
2017-03-22T00:00:00Z,BL,15:00:00,pup,1,2017
2017-03-22T00:00:00Z,DE,15:00:00,adult,338,2017
2017-03-22T00:00:00Z,DE,15:00:00,pup,1,2017
2017-04-01T00:00:00Z,BL,12:10:00,adult,136,2017
2017-04-01T00:00:00Z,BL,12:10:00,pup,15,2017
2017-04-01T00:00:00Z,DE,10:40:00,adult,276,2017
2017-04-01T00:00:00Z,DE,10:40:00,pup,12,2017
2017-04-03T00:00:00Z,DE,12:00:00,adult,335,2017
2017-04-03T00:00:00Z,DE,12:00:00,pup,28,2017
2017-04-05T00:00:00Z,BL,16:15:00,adult,191,2017
2017-04-05T00:00:00Z,BL,16:15:00,pup,33,2017
2017-04-09T00:00:00Z,BL,15:45:00,adult,224,2017
2017-04-09T00:00:00Z,BL,15:45:00,pup,39,2017
2017-04-13T00:00:00Z,DE,10:20:00,adult,394,2017
2017-04-13T00:00:00Z,DE,10:20:00,pup,94,2017
2017-04-14T00:00:00Z,BL,09:05:00,adult,250,2017
2017-04-14T00:00:00Z,BL,09:05:00,pup,118,2017
2017-04-14T00:00:00Z,DE,10:00:00,adult,539,2017
2017-04-14T00:00:00Z,DE,10:00:00,pup,161,2017
2017-04-17T00:00:00Z,BL,12:00:00,adult,303,2017
2017-04-17T00:00:00Z,BL,12:00:00,pup,141,2017
2017-04-19T00:00:00Z,DE,12:45:00,adult,633,2017
2017-04-19T00:00:00Z,DE,12:45:00,pup,212,2017
2017-04-20T00:00:00Z,BL,12:10:00,adult,437,2017
2017-04-20T00:00:00Z,BL,12:10:00,pup,199,2017
2017-04-23T00:00:00Z,DE,16:35:00,adult,729,2017
2017-04-23T00:00:00Z,DE,16:35:00,pup,317,2017
2017-04-24T00:00:00Z,BL,17:00:00,adult,330,2017
2017-04-24T00:00:00Z,BL,17:00:00,pup,172,2017
2017-04-27T00:00:00Z,BL,09:10:00,adult,349,2017
2017-04-27T00:00:00Z,BL,09:10:00,pup,236,2017
2017-04-28T00:00:00Z,DE,09:42:00,adult,538,2017
2017-04-28T00:00:00Z,DE,09:42:00,pup,227,2017
2017-04-30T00:00:00Z,BL,09:55:00,adult,300,2017
2017-04-30T00:00:00Z,BL,09:55:00,pup,160,2017
2017-05-01T00:00:00Z,DP,10:50:00,adult,173,2017
2017-05-01T00:00:00Z,DP,10:50:00,pup,173,2017
2017-05-03T00:00:00Z,BL,14:45:00,adult,344,2017
2017-05-03T00:00:00Z,BL,14:45:00,pup,161,2017
2017-05-04T00:00:00Z,BL,13:50:00,adult,299,2017
2017-05-04T00:00:00Z,BL,13:50:00,pup,196,2017
2017-05-04T00:00:00Z,DE,15:25:00,adult,601,2017
2017-05-04T00:00:00Z,DE,15:25:00,pup,301,2017
2017-05-04T00:00:00Z,DP,14:30:00,adult,345,2017
2017-05-04T00:00:00Z,DP,14:30:00,pup,138,2017
2017-05-11T00:00:00Z,DE,09:10:00,adult,347,2017
2017-05-11T00:00:00Z,DE,09:10:00,pup,191,2017
2017-05-12T00:00:00Z,BL,09:15:00,adult,179,2017
2017-05-12T00:00:00Z,BL,09:15:00,pup,130,2017
2017-05-12T00:00:00Z,DE,08:25:00,adult,348,2017
2017-05-12T00:00:00Z,DE,08:25:00,pup,206,2017
2017-05-15T00:00:00Z,BL,11:15:00,adult,198,2017
2017-05-15T00:00:00Z,BL,11:15:00,pup,95,2017
2017-05-17T00:00:00Z,DE,12:20:00,adult,402,2017
2017-05-17T00:00:00Z,DE,12:20:00,pup,165,2017
2017-05-18T00:00:00Z,BL,12:10:00,adult,217,2017
2017-05-18T00:00:00Z,BL,12:10:00,pup,89,2017
2017-05-20T00:00:00Z,DE,13:25:00,adult,276,2017
2017-05-20T00:00:00Z,DE,13:25:00,pup,119,2017
2017-05-26T00:00:00Z,BL,09:50:00,adult,188,2017
2017-05-26T00:00:00Z,BL,09:50:00,pup,54,2017
2017-05-28T00:00:00Z,DE,10:30:00,adult,268,2017
2017-05-28T00:00:00Z,DE,10:30:00,pup,112,2017
2017-05-30T00:00:00Z,BL,11:40:00,adult,291,2017
2017-05-30T00:00:00Z,BL,11:40:00,pup,14,2017
2017-05-30T00:00:00Z,DE,11:30:00,adult,392,2017
2017-05-30T00:00:00Z,DE,11:30:00,pup,64,2017
2018-03-08T00:00:00Z,BL,12:30:00,adult,184,2018
2018-03-08T00:00:00Z,DE,11:20:00,adult,234,2018
2018-03-13T00:00:00Z,BL,15:00:00,adult,134,2018
2018-03-13T00:00:00Z,DE,15:10:00,adult,298,2018
2018-03-21T00:00:00Z,BL,10:40:00,adult,131,2018
2018-03-23T00:00:00Z,BL,13:25:00,adult,264,2018
2018-03-23T00:00:00Z,DE,11:00:00,adult,304,2018
2018-03-23T00:00:00Z,DE,11:00:00,pup,1,2018
2018-03-25T00:00:00Z,DE,12:30:00,adult,352,2018
2018-03-25T00:00:00Z,DE,12:30:00,pup,4,2018
2018-03-26T00:00:00Z,BL,15:30:00,adult,201,2018
2018-03-26T00:00:00Z,BL,15:30:00,pup,2,2018
2018-03-27T00:00:00Z,BL,16:05:00,adult,199,2018
2018-03-27T00:00:00Z,BL,16:05:00,pup,1,2018
2018-03-28T00:00:00Z,DE,15:05:00,adult,352,2018
2018-03-28T00:00:00Z,DE,15:05:00,pup,10,2018
2018-04-03T00:00:00Z,DE,11:30:00,adult,314,2018
2018-04-03T00:00:00Z,DE,11:30:00,pup,20,2018
2018-04-05T00:00:00Z,BL,11:15:00,adult,213,2018
2018-04-05T00:00:00Z,BL,11:15:00,pup,35,2018
2018-04-08T00:00:00Z,DE,14:25:00,adult,480,2018
2018-04-08T00:00:00Z,DE,14:25:00,pup,55,2018
2018-04-09T00:00:00Z,BL,14:56:00,adult,328,2018
2018-04-09T00:00:00Z,BL,14:56:00,pup,72,2018
2018-04-09T00:00:00Z,DP,11:50:00,adult,141,2018
2018-04-09T00:00:00Z,DP,11:50:00,pup,27,2018
2018-04-10T00:00:00Z,BL,15:20:00,adult,264,2018
2018-04-10T00:00:00Z,BL,15:20:00,pup,57,2018
2018-04-10T00:00:00Z,DE,15:20:00,adult,464,2018
2018-04-10T00:00:00Z,DE,15:20:00,pup,89,2018
2018-04-13T00:00:00Z,BL,14:20:00,adult,356,2018
2018-04-13T00:00:00Z,BL,14:20:00,pup,116,2018
2018-04-14T00:00:00Z,DE,16:30:00,adult,535,2018
2018-04-14T00:00:00Z,DE,16:30:00,pup,138,2018
2018-04-18T00:00:00Z,BL,09:45:00,adult,271,2018
2018-04-18T00:00:00Z,BL,09:45:00,pup,101,2018
2018-04-19T00:00:00Z,DE,10:00:00,adult,531,2018
2018-04-19T00:00:00Z,DE,10:00:00,pup,206,2018
2018-04-20T00:00:00Z,BL,11:10:00,adult,357,2018
2018-04-20T00:00:00Z,BL,11:10:00,pup,195,2018
2018-04-20T00:00:00Z,DE,11:25:00,adult,495,2018
2018-04-20T00:00:00Z,DE,11:25:00,pup,210,2018
2018-04-22T00:00:00Z,DE,12:21:00,adult,544,2018
2018-04-22T00:00:00Z,DE,12:21:00,pup,219,2018
2018-04-23T00:00:00Z,BL,12:40:00,adult,377,2018
2018-04-23T00:00:00Z,BL,12:40:00,pup,145,2018
2018-04-25T00:00:00Z,DE,14:25:00,adult,689,2018
2018-04-25T00:00:00Z,DE,14:25:00,pup,313,2018
2018-04-26T00:00:00Z,DE,16:10:00,adult,658,2018
2018-04-26T00:00:00Z,DE,16:10:00,pup,353,2018
2018-04-26T00:00:00Z,DP,15:25:00,adult,429,2018
2018-04-26T00:00:00Z,DP,15:25:00,pup,132,2018
2018-04-27T00:00:00Z,BL,15:30:00,adult,438,2018
2018-04-27T00:00:00Z,BL,15:30:00,pup,257,2018
2018-05-02T00:00:00Z,DE,09:40:00,adult,615,2018
2018-05-02T00:00:00Z,DE,09:40:00,pup,335,2018
2018-05-04T00:00:00Z,DE,11:00:00,adult,592,2018
2018-05-04T00:00:00Z,DE,11:00:00,pup,362,2018
2018-05-05T00:00:00Z,BL,11:30:00,adult,290,2018
2018-05-05T00:00:00Z,BL,11:30:00,pup,167,2018
2018-05-05T00:00:00Z,DE,10:25:00,adult,646,2018
2018-05-05T00:00:00Z,DE,10:25:00,pup,291,2018
2018-05-07T00:00:00Z,BL,13:05:00,adult,351,2018
2018-05-07T00:00:00Z,BL,13:05:00,pup,206,2018
2018-05-07T00:00:00Z,DE,13:00:00,adult,690,2018
2018-05-07T00:00:00Z,DE,13:00:00,pup,353,2018
2018-05-08T00:00:00Z,DP,13:00:00,adult,296,2018
2018-05-08T00:00:00Z,DP,13:00:00,pup,148,2018
2018-05-09T00:00:00Z,BL,15:25:00,adult,241,2018
2018-05-09T00:00:00Z,BL,15:25:00,pup,158,2018
2018-05-12T00:00:00Z,DE,15:40:00,adult,536,2018
2018-05-12T00:00:00Z,DE,15:40:00,pup,287,2018
2018-05-15T00:00:00Z,BL,09:15:00,adult,212,2018
2018-05-15T00:00:00Z,BL,09:15:00,pup,103,2018
2018-05-16T00:00:00Z,BL,09:40:00,adult,235,2018
2018-05-16T00:00:00Z,BL,09:40:00,pup,110,2018
2018-05-18T00:00:00Z,BL,10:30:00,adult,233,2018
2018-05-18T00:00:00Z,BL,10:30:00,pup,115,2018
2018-05-18T00:00:00Z,DE,10:55:00,adult,528,2018
2018-05-18T00:00:00Z,DE,10:55:00,pup,205,2018
2018-05-19T00:00:00Z,DE,12:16:00,adult,459,2018
2018-05-19T00:00:00Z,DE,12:16:00,pup,202,2018
2018-05-21T00:00:00Z,BL,12:28:00,adult,196,2018
2018-05-21T00:00:00Z,BL,12:28:00,pup,38,2018
2018-05-21T00:00:00Z,DE,12:05:00,adult,362,2018
2018-05-21T00:00:00Z,DE,12:05:00,pup,184,2018
2018-05-24T00:00:00Z,BL,13:50:00,adult,223,2018
2018-05-24T00:00:00Z,BL,13:50:00,pup,90,2018
2019-03-01T00:00:00Z,BL,15:30:00,adult,157,2019
2019-03-04T00:00:00Z,BL,17:15:00,adult,189,2019
2019-03-12T00:00:00Z,BL,10:53:00,adult,148,2019
2019-03-14T00:00:00Z,DE,13:00:00,adult,288,2019
2019-03-15T00:00:00Z,BL,15:10:00,adult,101,2019
2019-03-19T00:00:00Z,BL,16:15:00,adult,86,2019
2019-03-19T00:00:00Z,DE,16:00:00,adult,202,2019
2019-03-26T00:00:00Z,BL,11:30:00,adult,183,2019
2019-03-29T00:00:00Z,BL,14:45:00,adult,157,2019
2019-03-29T00:00:00Z,BL,14:45:00,pup,4,2019
2019-03-29T00:00:00Z,DE,13:20:00,adult,427,2019
2019-03-29T00:00:00Z,DE,13:20:00,pup,5,2019
2019-04-01T00:00:00Z,BL,14:55:00,adult,112,2019
2019-04-01T00:00:00Z,BL,14:55:00,pup,3,2019
2019-04-01T00:00:00Z,DE,16:30:00,adult,365,2019
2019-04-01T00:00:00Z,DE,16:30:00,pup,13,2019
2019-04-02T00:00:00Z,BL,16:58:00,adult,158,2019
2019-04-02T00:00:00Z,BL,16:58:00,pup,8,2019
2019-04-09T00:00:00Z,BL,10:32:00,adult,196,2019
2019-04-09T00:00:00Z,BL,10:32:00,pup,52,2019
2019-04-12T00:00:00Z,BL,12:55:00,adult,279,2019
2019-04-12T00:00:00Z,BL,12:55:00,pup,114,2019
2019-04-14T00:00:00Z,BL,14:30:00,adult,328,2019
2019-04-14T00:00:00Z,BL,14:30:00,pup,127,2019
2019-04-15T00:00:00Z,DE,14:15:00,adult,415,2019
2019-04-15T00:00:00Z,DE,14:15:00,pup,205,2019
2019-04-16T00:00:00Z,BL,16:25:00,adult,346,2019
2019-04-16T00:00:00Z,BL,16:25:00,pup,175,2019
2019-04-21T00:00:00Z,BL,09:55:00,adult,408,2019
2019-04-21T00:00:00Z,BL,09:55:00,pup,157,2019
2019-04-22T00:00:00Z,DE,09:40:00,adult,602,2019
2019-04-22T00:00:00Z,DE,09:40:00,pup,273,2019
2019-04-25T00:00:00Z,BL,15:00:00,adult,356,2019
2019-04-25T00:00:00Z,BL,15:00:00,pup,147,2019
2019-04-26T00:00:00Z,DE,12:00:00,adult,627,2019
2019-04-26T00:00:00Z,DE,12:00:00,pup,346,2019
2019-04-26T00:00:00Z,DP,12:10:00,adult,298,2019
2019-04-26T00:00:00Z,DP,12:10:00,pup,217,2019
2019-04-29T00:00:00Z,DE,14:30:00,adult,653,2019
2019-04-29T00:00:00Z,DE,14:30:00,pup,368,2019
2019-05-01T00:00:00Z,DE,15:35:00,adult,652,2019
2019-05-01T00:00:00Z,DE,15:35:00,pup,361,2019
2019-05-01T00:00:00Z,DP,12:00:00,adult,296,2019
2019-05-01T00:00:00Z,DP,12:00:00,pup,174,2019
2019-05-02T00:00:00Z,BL,17:00:00,adult,331,2019
2019-05-02T00:00:00Z,BL,17:00:00,pup,226,2019
2019-05-06T00:00:00Z,DE,09:50:00,adult,569,2019
2019-05-06T00:00:00Z,DE,09:50:00,pup,302,2019
2019-05-07T00:00:00Z,BL,11:05:00,adult,289,2019
2019-05-07T00:00:00Z,BL,11:05:00,pup,163,2019
2019-05-10T00:00:00Z,BL,11:11:00,adult,319,2019
2019-05-10T00:00:00Z,BL,11:11:00,pup,91,2019
2019-05-10T00:00:00Z,DE,11:05:00,adult,675,2019
2019-05-10T00:00:00Z,DE,11:05:00,pup,265,2019
2019-05-10T00:00:00Z,DP,12:30:00,adult,239,2019
2019-05-10T00:00:00Z,DP,12:30:00,pup,145,2019
2019-05-13T00:00:00Z,DE,14:30:00,adult,454,2019
2019-05-13T00:00:00Z,DE,14:30:00,pup,263,2019
2019-05-14T00:00:00Z,BL,14:10:00,adult,260,2019
2019-05-14T00:00:00Z,BL,14:10:00,pup,132,2019
2019-05-22T00:00:00Z,DE,11:10:00,adult,391,2019
2019-05-22T00:00:00Z,DE,11:10:00,pup,80,2019
2019-05-24T00:00:00Z,BL,11:20:00,adult,197,2019
2019-05-24T00:00:00Z,BL,11:20:00,pup,46,2019
2019-05-27T00:00:00Z,DE,13:30:00,adult,443,2019
2019-05-27T00:00:00Z,DE,13:30:00,pup,148,2019
2020-03-03T00:00:00Z,DE,13:00:00,adult,232,2020
2020-03-06T00:00:00Z,BL,14:05:00,adult,102,2020
2020-03-13T00:00:00Z,BL,10:55:00,adult,101,2020
2020-03-13T00:00:00Z,DE,10:00:00,adult,244,2020
2020-04-27T00:00:00Z,BL,10:45:00,adult,232,2020
2020-04-27T00:00:00Z,BL,10:45:00,pup,170,2020
2020-04-28T00:00:00Z,DE,10:25:00,adult,497,2020
2020-04-28T00:00:00Z,DE,10:25:00,pup,155,2020
2020-05-01T00:00:00Z,BL,14:10:00,adult,243,2020
2020-05-01T00:00:00Z,BL,14:10:00,pup,167,2020
2020-05-04T00:00:00Z,DE,14:45:00,adult,478,2020
2020-05-04T00:00:00Z,DE,14:45:00,pup,180,2020
2020-06-26T00:00:00Z,BL,12:25:00,adult,404,2020
2020-07-13T00:00:00Z,BL,14:20:00,adult,415,2020
2021-03-05T00:00:00Z,BL,10:25:00,adult,102,2021
2021-03-08T00:00:00Z,DE,13:40:00,adult,122,2021
2021-03-19T00:00:00Z,BL,11:05:00,adult,117,2021
2021-03-19T00:00:00Z,BL,11:05:00,pup,1,2021
2021-03-19T00:00:00Z,DE,11:40:00,adult,139,2021
2021-03-19T00:00:00Z,DP,11:30:00,adult,60,2021
2021-03-23T00:00:00Z,DE,12:30:00,adult,174,2021
2021-03-25T00:00:00Z,BL,15:40:00,adult,143,2021
2021-03-25T00:00:00Z,BL,15:40:00,pup,5,2021
2021-04-01T00:00:00Z,BL,11:45:00,adult,108,2021
2021-04-01T00:00:00Z,BL,11:45:00,pup,25,2021
2021-04-02T00:00:00Z,DE,12:00:00,adult,204,2021
2021-04-02T00:00:00Z,DE,12:00:00,pup,23,2021
2021-04-03T00:00:00Z,DE,13:35:00,adult,222,2021
2021-04-03T00:00:00Z,DE,13:35:00,pup,19,2021
2021-04-05T00:00:00Z,DE,13:00:00,adult,315,2021
2021-04-05T00:00:00Z,DE,13:00:00,pup,29,2021
2021-04-06T00:00:00Z,BL,15:50:00,adult,228,2021
2021-04-06T00:00:00Z,BL,15:50:00,pup,80,2021
2021-04-07T00:00:00Z,DE,15:00:00,adult,311,2021
2021-04-07T00:00:00Z,DE,15:00:00,pup,27,2021
2021-04-15T00:00:00Z,DE,09:55:00,adult,377,2021
2021-04-15T00:00:00Z,DE,09:55:00,pup,116,2021
2021-04-16T00:00:00Z,BL,10:50:00,adult,321,2021
2021-04-16T00:00:00Z,BL,10:50:00,pup,187,2021
2021-04-16T00:00:00Z,DP,11:30:00,adult,225,2021
2021-04-16T00:00:00Z,DP,11:30:00,pup,120,2021
2021-04-18T00:00:00Z,DE,12:45:00,adult,550,2021
2021-04-18T00:00:00Z,DE,12:45:00,pup,83,2021
2021-04-22T00:00:00Z,BL,14:45:00,adult,326,2021
2021-04-22T00:00:00Z,BL,14:45:00,pup,202,2021
2021-04-22T00:00:00Z,DE,14:15:00,adult,536,2021
2021-04-22T00:00:00Z,DE,14:15:00,pup,231,2021
2021-04-23T00:00:00Z,DP,14:10:00,adult,341,2021
2021-04-23T00:00:00Z,DP,14:10:00,pup,226,2021
2021-04-28T00:00:00Z,BL,10:00:00,adult,282,2021
2021-04-28T00:00:00Z,BL,10:00:00,pup,211,2021
2021-04-28T00:00:00Z,DE,09:30:00,adult,390,2021
2021-04-28T00:00:00Z,DE,09:30:00,pup,228,2021
2021-04-29T00:00:00Z,DE,10:30:00,adult,465,2021
2021-04-29T00:00:00Z,DE,10:30:00,pup,190,2021
2021-04-30T00:00:00Z,BL,10:55:00,adult,290,2021
2021-04-30T00:00:00Z,BL,10:55:00,pup,269,2021
2021-04-30T00:00:00Z,DP,11:30:00,adult,203,2021
2021-04-30T00:00:00Z,DP,11:30:00,pup,186,2021
2021-05-04T00:00:00Z,DP,12:10:00,adult,256,2021
2021-05-04T00:00:00Z,DP,12:10:00,pup,157,2021
2021-05-06T00:00:00Z,BL,14:35:00,adult,263,2021
2021-05-06T00:00:00Z,BL,14:35:00,pup,199,2021
2021-05-06T00:00:00Z,DE,13:55:00,adult,387,2021
2021-05-06T00:00:00Z,DE,13:55:00,pup,205,2021
2021-05-13T00:00:00Z,BL,09:35:00,adult,137,2021
2021-05-13T00:00:00Z,BL,09:35:00,pup,112,2021
2021-05-16T00:00:00Z,DE,09:20:00,adult,258,2021
2021-05-16T00:00:00Z,DE,09:20:00,pup,104,2021
2021-05-18T00:00:00Z,DP,11:05:00,adult,182,2021
2021-05-18T00:00:00Z,DP,11:05:00,pup,148,2021
2021-05-20T00:00:00Z,BL,14:10:00,adult,156,2021
2021-05-20T00:00:00Z,BL,14:10:00,pup,91,2021
2021-05-22T00:00:00Z,DE,15:20:00,adult,161,2021
2021-05-22T00:00:00Z,DE,15:20:00,pup,85,2021
2021-05-28T00:00:00Z,BL,10:50:00,adult,169,2021
2021-05-28T00:00:00Z,BL,10:50:00,pup,29,2021
2021-05-28T00:00:00Z,DE,10:10:00,adult,299,2021
2021-05-28T00:00:00Z,DE,10:10:00,pup,60,2021
2022-03-08T00:00:00Z,DE,11:25:00,adult,126,2022
2022-03-09T00:00:00Z,DP,11:15:00,adult,61,2022
2022-03-10T00:00:00Z,BL,12:00:00,adult,87,2022
2022-03-14T00:00:00Z,DE,15:15:00,adult,116,2022
2022-03-14T00:00:00Z,DP,12:30:00,adult,26,2022
2022-03-22T00:00:00Z,DE,10:30:00,adult,119,2022
2022-03-22T00:00:00Z,DE,10:30:00,pup,6,2022
2022-03-22T00:00:00Z,DP,11:55:00,adult,54,2022
2022-03-24T00:00:00Z,BL,11:55:00,adult,87,2022
2022-03-24T00:00:00Z,BL,11:55:00,pup,2,2022
2022-03-24T00:00:00Z,DE,12:20:00,adult,174,2022
2022-03-24T00:00:00Z,DE,12:20:00,pup,5,2022
2022-03-29T00:00:00Z,BL,16:15:00,adult,155,2022
2022-03-29T00:00:00Z,BL,16:15:00,pup,11,2022
2022-04-05T00:00:00Z,BL,10:05:00,adult,147,2022
2022-04-05T00:00:00Z,BL,10:05:00,pup,47,2022
2022-04-06T00:00:00Z,BL,11:45:00,adult,182,2022
2022-04-06T00:00:00Z,BL,11:45:00,pup,68,2022
2022-04-06T00:00:00Z,DE,11:50:00,adult,264,2022
2022-04-06T00:00:00Z,DE,11:50:00,pup,56,2022
2022-04-06T00:00:00Z,DP,11:00:00,adult,111,2022
2022-04-06T00:00:00Z,DP,11:00:00,pup,37,2022
2022-04-08T00:00:00Z,BL,11:30:00,adult,226,2022
2022-04-08T00:00:00Z,BL,11:30:00,pup,59,2022
2022-04-12T00:00:00Z,DP,12:45:00,adult,262,2022
2022-04-12T00:00:00Z,DP,12:45:00,pup,106,2022
2022-04-13T00:00:00Z,DE,16:00:00,adult,367,2022
2022-04-13T00:00:00Z,DE,16:00:00,pup,147,2022
2022-04-19T00:00:00Z,BL,10:10:00,adult,315,2022
2022-04-19T00:00:00Z,BL,10:10:00,pup,162,2022
2022-04-21T00:00:00Z,BL,12:25:00,adult,311,2022
2022-04-21T00:00:00Z,BL,12:25:00,pup,199,2022
2022-04-22T00:00:00Z,BL,15:10:00,adult,267,2022
2022-04-22T00:00:00Z,BL,15:10:00,pup,118,2022
2022-04-22T00:00:00Z,DE,11:25:00,adult,422,2022
2022-04-22T00:00:00Z,DE,11:25:00,pup,192,2022
2022-04-23T00:00:00Z,DE,12:10:00,adult,450,2022
2022-04-23T00:00:00Z,DE,12:10:00,pup,205,2022
2022-04-25T00:00:00Z,BL,13:15:00,adult,293,2022
2022-04-25T00:00:00Z,BL,13:15:00,pup,210,2022
2022-04-25T00:00:00Z,DE,13:45:00,adult,541,2022
2022-04-25T00:00:00Z,DE,13:45:00,pup,250,2022
2022-04-26T00:00:00Z,BL,14:35:00,adult,290,2022
2022-04-26T00:00:00Z,BL,14:35:00,pup,150,2022
2022-04-26T00:00:00Z,DP,13:50:00,adult,353,2022
2022-04-26T00:00:00Z,DP,13:50:00,pup,203,2022
2022-04-27T00:00:00Z,DE,14:20:00,adult,429,2022
2022-04-27T00:00:00Z,DE,14:20:00,pup,231,2022
2022-04-28T00:00:00Z,BL,16:30:00,adult,314,2022
2022-04-28T00:00:00Z,BL,16:30:00,pup,186,2022
2022-05-03T00:00:00Z,BL,11:20:00,adult,162,2022
2022-05-03T00:00:00Z,BL,11:20:00,pup,101,2022
2022-05-03T00:00:00Z,DP,12:30:00,adult,237,2022
2022-05-03T00:00:00Z,DP,12:30:00,pup,174,2022
2022-05-04T00:00:00Z,BL,10:50:00,adult,186,2022
2022-05-04T00:00:00Z,BL,10:50:00,pup,114,2022
2022-05-08T00:00:00Z,BL,13:00:00,adult,211,2022
2022-05-08T00:00:00Z,BL,13:00:00,pup,45,2022
2022-05-09T00:00:00Z,BL,13:55:00,adult,155,2022
2022-05-09T00:00:00Z,BL,13:55:00,pup,137,2022
2022-05-09T00:00:00Z,DE,13:45:00,adult,264,2022
2022-05-09T00:00:00Z,DE,13:45:00,pup,115,2022
2022-05-10T00:00:00Z,BL,14:35:00,adult,168,2022
2022-05-10T00:00:00Z,BL,14:35:00,pup,95,2022
2022-05-10T00:00:00Z,DP,14:30:00,adult,218,2022
2022-05-10T00:00:00Z,DP,14:30:00,pup,143,2022
2022-05-18T00:00:00Z,BL,10:35:00,adult,69,2022
2022-05-18T00:00:00Z,BL,10:35:00,pup,44,2022
2022-05-20T00:00:00Z,BL,12:12:00,adult,126,2022
2022-05-20T00:00:00Z,BL,12:12:00,pup,47,2022
2022-05-20T00:00:00Z,DE,10:40:00,adult,200,2022
2022-05-20T00:00:00Z,DE,10:40:00,pup,45,2022
2022-05-23T00:00:00Z,BL,13:05:00,adult,88,2022
2022-05-23T00:00:00Z,BL,13:05:00,pup,42,2022
2022-05-24T00:00:00Z,BL,13:08:00,adult,99,2022
2022-05-24T00:00:00Z,BL,13:08:00,pup,34,2022
2022-05-24T00:00:00Z,DP,13:20:00,adult,123,2022
2022-05-24T00:00:00Z,DP,13:20:00,pup,45,2022
2023-03-03T00:00:00Z,DE,14:20:00,adult,93,2023
2023-03-06T00:00:00Z,BL,15:15:00,adult,73,2023
2023-03-15T00:00:00Z,BL,13:30:00,adult,211,2023
2023-03-15T00:00:00Z,DE,14:00:00,adult,134,2023
2023-03-23T00:00:00Z,BL,09:45:00,adult,80,2023
2023-03-23T00:00:00Z,BL,09:45:00,pup,1,2023
2023-03-24T00:00:00Z,DE,10:00:00,adult,107,2023
2023-03-30T00:00:00Z,BL,14:45:00,adult,124,2023
2023-03-30T00:00:00Z,BL,14:45:00,pup,5,2023
2023-03-31T00:00:00Z,DE,14:45:00,adult,157,2023
2023-03-31T00:00:00Z,DE,14:45:00,pup,10,2023
2023-04-03T00:00:00Z,DP,15:00:00,adult,68,2023
2023-04-03T00:00:00Z,DP,15:00:00,pup,4,2023
2023-04-08T00:00:00Z,BL,09:33:00,adult,144,2023
2023-04-08T00:00:00Z,BL,09:33:00,pup,33,2023
2023-04-11T00:00:00Z,BL,12:01:00,adult,160,2023
2023-04-11T00:00:00Z,BL,12:01:00,pup,79,2023
2023-04-12T00:00:00Z,BL,12:20:00,adult,228,2023
2023-04-12T00:00:00Z,BL,12:20:00,pup,86,2023
2023-04-12T00:00:00Z,DE,12:00:00,adult,256,2023
2023-04-12T00:00:00Z,DE,12:00:00,pup,88,2023
2023-04-13T00:00:00Z,BL,14:10:00,adult,234,2023
2023-04-13T00:00:00Z,BL,14:10:00,pup,107,2023
2023-04-14T00:00:00Z,DE,14:35:00,adult,362,2023
2023-04-14T00:00:00Z,DE,14:35:00,pup,120,2023
2023-04-14T00:00:00Z,DP,13:45:00,adult,207,2023
2023-04-14T00:00:00Z,DP,13:45:00,pup,82,2023
2023-04-17T00:00:00Z,DE,15:45:00,adult,363,2023
2023-04-17T00:00:00Z,DE,15:45:00,pup,165,2023
2023-04-18T00:00:00Z,DP,14:00:00,adult,241,2023
2023-04-18T00:00:00Z,DP,14:00:00,pup,137,2023
2023-04-21T00:00:00Z,BL,08:34:00,adult,258,2023
2023-04-21T00:00:00Z,BL,08:34:00,pup,168,2023
2023-04-24T00:00:00Z,DE,11:30:00,adult,415,2023
2023-04-24T00:00:00Z,DE,11:30:00,pup,230,2023
2023-04-25T00:00:00Z,BL,11:05:00,adult,285,2023
2023-04-25T00:00:00Z,BL,11:05:00,pup,192,2023
2023-04-28T00:00:00Z,BL,12:20:00,adult,256,2023
2023-04-28T00:00:00Z,BL,12:20:00,pup,184,2023
2023-04-28T00:00:00Z,DE,13:00:00,adult,385,2023
2023-04-28T00:00:00Z,DE,13:00:00,pup,245,2023
2023-05-01T00:00:00Z,BL,15:15:00,adult,171,2023
2023-05-01T00:00:00Z,BL,15:15:00,pup,79,2023
2023-05-01T00:00:00Z,DP,14:30:00,adult,203,2023
2023-05-01T00:00:00Z,DP,14:30:00,pup,137,2023
2023-05-02T00:00:00Z,DE,16:00:00,adult,363,2023
2023-05-02T00:00:00Z,DE,16:00:00,pup,264,2023
2023-05-03T00:00:00Z,DP,13:45:00,adult,234,2023
2023-05-03T00:00:00Z,DP,13:45:00,pup,185,2023
2023-05-08T00:00:00Z,BL,10:25:00,adult,177,2023
2023-05-08T00:00:00Z,BL,10:25:00,pup,166,2023
2023-05-08T00:00:00Z,DE,10:15:00,adult,405,2023
2023-05-08T00:00:00Z,DE,10:15:00,pup,185,2023
2023-05-10T00:00:00Z,BL,12:26:00,adult,202,2023
2023-05-10T00:00:00Z,BL,12:26:00,pup,119,2023
2023-05-10T00:00:00Z,DP,11:15:00,adult,94,2023
2023-05-10T00:00:00Z,DP,11:15:00,pup,80,2023
2023-05-11T00:00:00Z,BL,12:00:00,adult,198,2023
2023-05-11T00:00:00Z,BL,12:00:00,pup,106,2023
2023-05-11T00:00:00Z,DE,13:05:00,adult,376,2023
2023-05-11T00:00:00Z,DE,13:05:00,pup,224,2023
2023-05-15T00:00:00Z,BL,14:20:00,adult,181,2023
2023-05-15T00:00:00Z,BL,14:20:00,pup,101,2023
2023-05-15T00:00:00Z,DE,15:00:00,adult,279,2023
2023-05-15T00:00:00Z,DE,15:00:00,pup,100,2023
2023-05-16T00:00:00Z,DP,14:45:00,adult,183,2023
2023-05-16T00:00:00Z,DP,14:45:00,pup,63,2023
2023-05-21T00:00:00Z,BL,09:32:00,adult,84,2023
2023-05-21T00:00:00Z,BL,09:32:00,pup,47,2023
2023-05-23T00:00:00Z,DE,10:20:00,adult,271,2023
2023-05-23T00:00:00Z,DE,10:20:00,pup,117,2023
2023-05-25T00:00:00Z,BL,12:58:00,adult,115,2023
2023-05-25T00:00:00Z,BL,12:58:00,pup,58,2023
2023-05-25T00:00:00Z,DE,10:45:00,adult,249,2023
2023-05-25T00:00:00Z,DE,10:45:00,pup,47,2023
2023-05-26T00:00:00Z,BL,11:25:00,adult,115,2023
2023-05-26T00:00:00Z,BL,11:25:00,pup,61,2023
2023-05-29T00:00:00Z,DP,12:00:00,adult,147,2023
2023-05-29T00:00:00Z,DP,12:00:00,pup,24,2023
2023-05-30T00:00:00Z,BL,12:55:00,adult,172,2023
2023-05-30T00:00:00Z,BL,12:55:00,pup,49,2023
2023-05-30T00:00:00Z,DP,14:10:00,adult,129,2023
2023-05-30T00:00:00Z,DP,14:10:00,pup,14,2023
2023-05-31T00:00:00Z,DE,15:30:00,adult,331,2023
2023-05-31T00:00:00Z,DE,15:30:00,pup,51,2023
2009-05-10T00:00:00Z,MC,10:00:00,adult,73,2009
2009-05-10T00:00:00Z,MC,10:00:00,pup,8,2009
2009-05-17T00:00:00Z,MC,09:45:00,adult,38,2009
2009-05-17T00:00:00Z,MC,09:45:00,pup,NA,2009
2009-05-17T00:00:00Z,MC,12:00:00,adult,35,2009
2009-05-17T00:00:00Z,MC,12:00:00,pup,20,2009
2009-05-23T00:00:00Z,MC,10:00:00,adult,36,2009
2009-05-23T00:00:00Z,MC,10:00:00,pup,4,2009
2009-05-24T00:00:00Z,MC,12:00:00,adult,70,2009
2009-05-24T00:00:00Z,MC,12:00:00,pup,NA,2009
2009-05-26T00:00:00Z,MC,16:00:00,adult,60,2009
2009-05-26T00:00:00Z,MC,16:00:00,pup,40,2009
2011-04-15T00:00:00Z,MC,16:30:00,adult,56,2011
2011-04-15T00:00:00Z,MC,16:30:00,pup,4,2011
2011-04-16T00:00:00Z,MC,10:00:00,adult,46,2011
2011-04-16T00:00:00Z,MC,10:00:00,pup,5,2011
2011-04-17T00:00:00Z,MC,16:00:00,adult,58,2011
2011-04-17T00:00:00Z,MC,16:00:00,pup,6,2011
2011-04-22T00:00:00Z,MC,16:00:00,adult,54,2011
2011-04-22T00:00:00Z,MC,16:00:00,pup,7,2011
2011-04-23T00:00:00Z,MC,16:00:00,adult,67,2011
2011-04-23T00:00:00Z,MC,16:00:00,pup,9,2011
2011-04-24T00:00:00Z,MC,10:00:00,adult,NA,2011
2011-04-24T00:00:00Z,MC,10:00:00,pup,7,2011
2011-04-30T00:00:00Z,MC,10:00:00,adult,85,2011
2011-04-30T00:00:00Z,MC,10:00:00,pup,29,2011
2011-04-30T00:00:00Z,MC,16:00:00,adult,NA,2011
2011-04-30T00:00:00Z,MC,16:00:00,pup,27,2011
2011-04-30T00:00:00Z,MC,NA,adult,88,2011
2011-04-30T00:00:00Z,MC,NA,pup,24,2011
2011-05-01T00:00:00Z,MC,14:00:00,adult,81,2011
2011-05-01T00:00:00Z,MC,14:00:00,pup,35,2011
2011-05-01T00:00:00Z,MC,NA,adult,30,2011
2011-05-01T00:00:00Z,MC,NA,pup,21,2011
2011-05-03T00:00:00Z,MC,12:00:00,adult,92,2011
2011-05-03T00:00:00Z,MC,12:00:00,pup,26,2011
2011-05-04T00:00:00Z,MC,12:00:00,adult,58,2011
2011-05-04T00:00:00Z,MC,12:00:00,pup,22,2011
2011-05-07T00:00:00Z,MC,14:00:00,adult,61,2011
2011-05-07T00:00:00Z,MC,14:00:00,pup,27,2011
2011-05-19T00:00:00Z,MC,10:00:00,adult,60,2011
2011-05-19T00:00:00Z,MC,10:00:00,pup,2,2011
2011-05-31T00:00:00Z,MC,10:00:00,adult,42,2011
2011-05-31T00:00:00Z,MC,10:00:00,pup,NA,2011
2011-06-02T00:00:00Z,MC,10:00:00,adult,41,2011
2011-06-02T00:00:00Z,MC,10:00:00,pup,NA,2011
2012-04-07T00:00:00Z,MC,10:00:00,adult,28,2012
2012-04-07T00:00:00Z,MC,10:00:00,pup,NA,2012
2012-04-08T00:00:00Z,MC,10:00:00,adult,35,2012
2012-04-08T00:00:00Z,MC,10:00:00,pup,NA,2012
2012-04-11T00:00:00Z,MC,14:00:00,adult,43,2012
2012-04-11T00:00:00Z,MC,14:00:00,pup,1,2012
2012-04-15T00:00:00Z,MC,10:00:00,adult,64,2012
2012-04-15T00:00:00Z,MC,10:00:00,pup,1,2012
2012-04-20T00:00:00Z,MC,12:00:00,adult,10,2012
2012-04-20T00:00:00Z,MC,12:00:00,pup,NA,2012
2012-04-20T00:00:00Z,MC,10:00:00,adult,29,2012
2012-04-20T00:00:00Z,MC,10:00:00,pup,3,2012
2012-04-22T00:00:00Z,MC,14:00:00,adult,NA,2012
2012-04-22T00:00:00Z,MC,14:00:00,pup,13,2012
2012-04-22T00:00:00Z,MC,15:00:00,adult,78,2012
2012-04-22T00:00:00Z,MC,15:00:00,pup,11,2012
2012-04-25T00:00:00Z,MC,14:00:00,adult,20,2012
2012-04-25T00:00:00Z,MC,14:00:00,pup,6,2012
2012-05-05T00:00:00Z,MC,16:00:00,adult,NA,2012
2012-05-05T00:00:00Z,MC,16:00:00,pup,40,2012
2012-05-06T00:00:00Z,MC,16:00:00,adult,NA,2012
2012-05-06T00:00:00Z,MC,16:00:00,pup,41,2012
2012-05-11T00:00:00Z,MC,08:00:00,adult,71,2012
2012-05-11T00:00:00Z,MC,08:00:00,pup,40,2012
2013-04-02T00:00:00Z,MC,14:00:00,adult,65,2013
2013-04-02T00:00:00Z,MC,14:00:00,pup,NA,2013
2013-04-06T00:00:00Z,MC,10:00:00,adult,59,2013
2013-04-06T00:00:00Z,MC,10:00:00,pup,NA,2013
2013-04-23T00:00:00Z,MC,12:00:00,adult,66,2013
2013-04-23T00:00:00Z,MC,12:00:00,pup,10,2013
2013-04-30T00:00:00Z,MC,14:00:00,adult,53,2013
2013-04-30T00:00:00Z,MC,14:00:00,pup,20,2013
2013-05-02T00:00:00Z,MC,10:00:00,adult,73,2013
2013-05-02T00:00:00Z,MC,10:00:00,pup,23,2013
2013-05-10T00:00:00Z,MC,14:00:00,adult,87,2013
2013-05-10T00:00:00Z,MC,14:00:00,pup,49,2013
2013-05-02T00:00:00Z,MC,10:00:00,adult,76,2013
2013-05-02T00:00:00Z,MC,10:00:00,pup,33,2013
2013-05-26T00:00:00Z,MC,14:00:00,adult,43,2013
2013-05-26T00:00:00Z,MC,14:00:00,pup,7,2013
2014-04-05T00:00:00Z,MC,14:00:00,adult,35,2014
2014-04-05T00:00:00Z,MC,14:00:00,pup,NA,2014
2014-04-13T00:00:00Z,MC,14:00:00,adult,69,2014
2014-04-13T00:00:00Z,MC,14:00:00,pup,NA,2014
2014-04-14T00:00:00Z,MC,13:00:00,adult,31,2014
2014-04-14T00:00:00Z,MC,13:00:00,pup,NA,2014
2014-04-10T00:00:00Z,MC,16:00:00,adult,65,2014
2014-04-10T00:00:00Z,MC,16:00:00,pup,NA,2014
2014-04-11T00:00:00Z,MC,16:00:00,adult,50,2014
2014-04-11T00:00:00Z,MC,16:00:00,pup,NA,2014
2014-04-12T00:00:00Z,MC,16:00:00,adult,35,2014
2014-04-12T00:00:00Z,MC,16:00:00,pup,NA,2014
2014-04-13T00:00:00Z,MC,16:00:00,adult,85,2014
2014-04-13T00:00:00Z,MC,16:00:00,pup,NA,2014
2014-04-14T00:00:00Z,MC,16:00:00,adult,65,2014
2014-04-14T00:00:00Z,MC,16:00:00,pup,NA,2014
2014-05-15T00:00:00Z,MC,16:00:00,adult,38,2014
2014-05-15T00:00:00Z,MC,16:00:00,pup,NA,2014
2014-04-16T00:00:00Z,MC,10:00:00,adult,39,2014
2014-04-16T00:00:00Z,MC,10:00:00,pup,NA,2014
2014-04-19T00:00:00Z,MC,12:00:00,adult,80,2014
2014-04-19T00:00:00Z,MC,12:00:00,pup,4,2014
2014-04-19T00:00:00Z,MC,12:00:00,adult,65,2014
2014-04-19T00:00:00Z,MC,12:00:00,pup,4,2014
2014-04-25T00:00:00Z,MC,10:00:00,adult,50,2014
2014-04-25T00:00:00Z,MC,10:00:00,pup,15,2014
2014-04-26T00:00:00Z,MC,12:00:00,adult,91,2014
2014-04-26T00:00:00Z,MC,12:00:00,pup,17,2014
2014-04-27T00:00:00Z,MC,12:00:00,adult,121,2014
2014-04-27T00:00:00Z,MC,12:00:00,pup,24,2014
2014-05-01T00:00:00Z,MC,13:30:00,adult,82,2014
2014-05-01T00:00:00Z,MC,13:30:00,pup,22,2014
2014-05-02T00:00:00Z,MC,13:00:00,adult,87,2014
2014-05-02T00:00:00Z,MC,13:00:00,pup,20,2014
2014-05-10T00:00:00Z,MC,11:30:00,adult,115,2014
2014-05-10T00:00:00Z,MC,11:30:00,pup,50,2014
2014-05-11T00:00:00Z,MC,13:30:00,adult,96,2014
2014-05-11T00:00:00Z,MC,13:30:00,pup,43,2014
2014-05-19T00:00:00Z,MC,14:00:00,adult,118,2014
2014-05-19T00:00:00Z,MC,14:00:00,pup,36,2014
2014-05-24T00:00:00Z,MC,11:00:00,adult,89,2014
2014-05-24T00:00:00Z,MC,11:00:00,pup,21,2014
2014-05-26T00:00:00Z,MC,12:00:00,adult,63,2014
2014-05-26T00:00:00Z,MC,12:00:00,pup,NA,2014
2015-04-21T00:00:00Z,MC,14:30:00,adult,50,2015
2015-04-21T00:00:00Z,MC,14:30:00,pup,6,2015
2015-04-22T00:00:00Z,MC,14:30:00,adult,21,2015
2015-04-22T00:00:00Z,MC,14:30:00,pup,4,2015
2015-04-26T00:00:00Z,MC,10:00:00,adult,75,2015
2015-04-26T00:00:00Z,MC,10:00:00,pup,14,2015
2015-04-30T00:00:00Z,MC,12:30:00,adult,NA,2015
2015-04-30T00:00:00Z,MC,12:30:00,pup,12,2015
2015-05-01T00:00:00Z,MC,11:00:00,adult,NA,2015
2015-05-01T00:00:00Z,MC,11:00:00,pup,12,2015
2015-05-07T00:00:00Z,MC,10:30:00,adult,NA,2015
2015-05-07T00:00:00Z,MC,10:30:00,pup,15,2015
2015-05-10T00:00:00Z,MC,10:00:00,adult,72,2015
2015-05-10T00:00:00Z,MC,10:00:00,pup,28,2015
2015-05-17T00:00:00Z,MC,12:00:00,adult,45,2015
2015-05-17T00:00:00Z,MC,12:00:00,pup,15,2015
2015-05-23T00:00:00Z,MC,14:00:00,adult,58,2015
2015-05-23T00:00:00Z,MC,14:00:00,pup,12,2015
2015-05-23T00:00:00Z,MC,12:00:00,adult,27,2015
2015-05-23T00:00:00Z,MC,12:00:00,pup,20,2015
2015-05-24T00:00:00Z,MC,12:00:00,adult,13,2015
2015-05-24T00:00:00Z,MC,12:00:00,pup,15,2015
2015-05-25T00:00:00Z,MC,14:00:00,adult,80,2015
2015-05-25T00:00:00Z,MC,14:00:00,pup,16,2015
2015-05-31T00:00:00Z,MC,12:00:00,adult,NA,2015
2015-05-31T00:00:00Z,MC,12:00:00,pup,16,2015
2015-06-14T00:00:00Z,MC,12:00:00,adult,48,2015
2015-06-14T00:00:00Z,MC,12:00:00,pup,10,2015
2015-06-27T00:00:00Z,MC,10:00:00,adult,100,2015
2015-06-27T00:00:00Z,MC,10:00:00,pup,5,2015
2015-06-28T00:00:00Z,MC,12:00:00,adult,104,2015
2015-06-28T00:00:00Z,MC,12:00:00,pup,6,2015
2016-04-04T00:00:00Z,MC,12:00:00,adult,57,2016
2016-04-04T00:00:00Z,MC,12:00:00,pup,1,2016
2016-04-05T00:00:00Z,MC,10:00:00,adult,32,2016
2016-04-05T00:00:00Z,MC,10:00:00,pup,NA,2016
2016-04-06T00:00:00Z,MC,14:00:00,adult,60,2016
2016-04-06T00:00:00Z,MC,14:00:00,pup,NA,2016
2016-04-07T00:00:00Z,MC,11:30:00,adult,32,2016
2016-04-07T00:00:00Z,MC,11:30:00,pup,NA,2016
2016-04-13T00:00:00Z,MC,14:00:00,adult,42,2016
2016-04-13T00:00:00Z,MC,14:00:00,pup,4,2016
2016-04-14T00:00:00Z,MC,12:00:00,adult,NA,2016
2016-04-14T00:00:00Z,MC,12:00:00,pup,4,2016
2016-04-15T00:00:00Z,MC,11:00:00,adult,52,2016
2016-04-15T00:00:00Z,MC,11:00:00,pup,3,2016
2016-04-18T00:00:00Z,MC,10:00:00,adult,69,2016
2016-04-18T00:00:00Z,MC,10:00:00,pup,5,2016
2016-04-20T00:00:00Z,MC,12:00:00,adult,50,2016
2016-04-20T00:00:00Z,MC,12:00:00,pup,10,2016
2016-05-06T00:00:00Z,MC,14:00:00,adult,84,2016
2016-05-06T00:00:00Z,MC,14:00:00,pup,27,2016
2017-04-23T00:00:00Z,MC,16:00:00,adult,109,2017
2017-04-23T00:00:00Z,MC,16:00:00,pup,17,2017
2017-04-27T00:00:00Z,MC,10:00:00,adult,65,2017
2017-04-27T00:00:00Z,MC,10:00:00,pup,15,2017
2017-04-30T00:00:00Z,MC,16:00:00,adult,96,2017
2017-04-30T00:00:00Z,MC,16:00:00,pup,30,2017
2017-05-02T00:00:00Z,MC,12:00:00,adult,50,2017
2017-05-02T00:00:00Z,MC,12:00:00,pup,25,2017
2017-05-04T00:00:00Z,MC,10:00:00,adult,80,2017
2017-05-04T00:00:00Z,MC,10:00:00,pup,22,2017
2017-05-06T00:00:00Z,MC,12:00:00,adult,50,2017
2017-05-06T00:00:00Z,MC,12:00:00,pup,12,2017
2017-05-07T00:00:00Z,MC,16:00:00,adult,117,2017
2017-05-07T00:00:00Z,MC,16:00:00,pup,42,2017
2017-05-11T00:00:00Z,MC,10:00:00,adult,45,2017
2017-05-11T00:00:00Z,MC,10:00:00,pup,18,2017
2017-05-14T00:00:00Z,MC,16:15:00,adult,126,2017
2017-05-14T00:00:00Z,MC,16:15:00,pup,30,2017
2017-05-14T00:00:00Z,MC,14:00:00,adult,52,2017
2017-05-14T00:00:00Z,MC,14:00:00,pup,8,2017
2017-05-18T00:00:00Z,MC,10:00:00,adult,65,2017
2017-05-18T00:00:00Z,MC,10:00:00,pup,20,2017
2017-05-19T00:00:00Z,MC,10:00:00,adult,50,2017
2017-05-19T00:00:00Z,MC,10:00:00,pup,15,2017
2017-05-21T00:00:00Z,MC,16:00:00,adult,104,2017
2017-05-21T00:00:00Z,MC,16:00:00,pup,25,2017
2017-05-25T00:00:00Z,MC,10:00:00,adult,35,2017
2017-05-25T00:00:00Z,MC,10:00:00,pup,8,2017
2017-05-26T00:00:00Z,MC,10:00:00,adult,73,2017
2017-05-26T00:00:00Z,MC,10:00:00,pup,20,2017
2017-05-28T00:00:00Z,MC,17:00:00,adult,110,2017
2017-05-28T00:00:00Z,MC,17:00:00,pup,20,2017
2017-06-01T00:00:00Z,MC,10:00:00,adult,40,2017
2017-06-01T00:00:00Z,MC,10:00:00,pup,8,2017
2017-06-10T00:00:00Z,MC,14:00:00,adult,49,2017
2017-06-10T00:00:00Z,MC,14:00:00,pup,NA,2017
2017-06-11T00:00:00Z,MC,16:00:00,adult,64,2017
2017-06-11T00:00:00Z,MC,16:00:00,pup,4,2017
2017-06-18T00:00:00Z,MC,16:00:00,adult,54,2017
2017-06-18T00:00:00Z,MC,16:00:00,pup,NA,2017
2017-06-29T00:00:00Z,MC,10:00:00,adult,100,2017
2017-06-29T00:00:00Z,MC,10:00:00,pup,20,2017
2017-06-22T00:00:00Z,MC,10:00:00,adult,36,2017
2017-06-22T00:00:00Z,MC,10:00:00,pup,7,2017
2018-04-14T00:00:00Z,MC,12:00:00,adult,34,2018
2018-04-14T00:00:00Z,MC,12:00:00,pup,2,2018
2018-04-22T00:00:00Z,MC,16:20:00,adult,36,2018
2018-04-22T00:00:00Z,MC,16:20:00,pup,6,2018
2018-04-28T00:00:00Z,MC,12:00:00,adult,73,2018
2018-04-28T00:00:00Z,MC,12:00:00,pup,14,2018
2018-04-29T00:00:00Z,MC,16:00:00,adult,111,2018
2018-04-29T00:00:00Z,MC,16:00:00,pup,24,2018
2018-05-12T00:00:00Z,MC,12:00:00,adult,91,2018
2018-05-12T00:00:00Z,MC,12:00:00,pup,25,2018
2018-05-13T00:00:00Z,MC,16:00:00,adult,135,2018
2018-05-13T00:00:00Z,MC,16:00:00,pup,41,2018
2018-05-19T00:00:00Z,MC,12:00:00,adult,47,2018
2018-05-19T00:00:00Z,MC,12:00:00,pup,13,2018
2018-05-30T00:00:00Z,MC,16:00:00,adult,78,2018
2018-05-30T00:00:00Z,MC,16:00:00,pup,38,2018
2018-06-02T00:00:00Z,MC,12:00:00,adult,65,2018
2018-06-02T00:00:00Z,MC,12:00:00,pup,14,2018
2018-06-03T00:00:00Z,MC,16:00:00,adult,55,2018
2018-06-03T00:00:00Z,MC,16:00:00,pup,21,2018
2018-06-09T00:00:00Z,MC,09:45:00,adult,59,2018
2018-06-09T00:00:00Z,MC,09:45:00,pup,17,2018
2018-06-10T00:00:00Z,MC,16:00:00,adult,61,2018
2018-06-10T00:00:00Z,MC,16:00:00,pup,15,2018
2018-06-17T00:00:00Z,MC,16:00:00,adult,43,2018
2018-06-17T00:00:00Z,MC,16:00:00,pup,11,2018
2018-05-31T00:00:00Z,MC,10:00:00,adult,80,2018
2018-05-31T00:00:00Z,MC,10:00:00,pup,15,2018
2018-05-20T00:00:00Z,MC,10:00:00,adult,76,2018
2018-05-20T00:00:00Z,MC,10:00:00,pup,13,2018
2018-07-01T00:00:00Z,MC,16:00:00,adult,80,2018
2018-07-01T00:00:00Z,MC,16:00:00,pup,NA,2018
NA,MC,NA,adult,84,2016
NA,MC,NA,pup,24,2016
NA,MC,NA,adult,126,2017
NA,MC,NA,pup,42,2017
NA,MC,NA,adult,135,2018
NA,MC,NA,pup,41,2018
NA,MC,NA,adult,85,2019
NA,MC,NA,pup,26,2019
NA,MC,NA,adult,52,2020
NA,MC,NA,pup,13,2020
NA,MC,NA,adult,89,2021
NA,MC,NA,pup,32,2021
NA,MC,NA,adult,70,2022
NA,MC,NA,pup,28,2022
NA,MC,NA,adult,59,2023
NA,MC,NA,pup,25,2023
